"","air_date","episode_no","overall_episode_no","air_date_tidy","guests"
"1","–","–","–",NA,"sarah beeny"
"2","–","–","–",NA,"sandi toksvig"
"3","22 February 2007 (2007-02-22)","1","1",2007-02-22,"elijah wood"
"4","22 February 2007 (2007-02-22)","1","1",2007-02-22,"kim cattrall"
"5","22 February 2007 (2007-02-22)","1","1",2007-02-22,"heloise"
"6","22 February 2007 (2007-02-22)","1","1",2007-02-22,"the savoir faire"
"7","1 March 2007 (2007-03-01)","2","2",2007-03-01,"orlando bloom"
"8","1 March 2007 (2007-03-01)","2","2",2007-03-01,"samantha morton"
"9","8 March 2007 (2007-03-08)","3","3",2007-03-08,"joan rivers"
"10","8 March 2007 (2007-03-08)","3","3",2007-03-08,"julian mcmahon"
"11","15 March 2007 (2007-03-15)","4","4",2007-03-15,"jenny eclair"
"12","15 March 2007 (2007-03-15)","4","4",2007-03-15,"louis walsh"
"13","22 March 2007 (2007-03-22)","5","5",2007-03-22,"ioan gruffudd"
"14","22 March 2007 (2007-03-22)","5","5",2007-03-22,"jessie wallace"
"15","22 March 2007 (2007-03-22)","5","5",2007-03-22,"scooch"
"16","29 March 2007 (2007-03-29)","6","6",2007-03-29,"david tennant"
"17","29 March 2007 (2007-03-29)","6","6",2007-03-29,"jo brand"
"18","29 March 2007 (2007-03-29)","6","6",2007-03-29,"the proclaimers"
"19","12 April 2007 (2007-04-12)","7","7",2007-04-12,"julia sawalha"
"20","12 April 2007 (2007-04-12)","7","7",2007-04-12,"liz smith"
"21","12 April 2007 (2007-04-12)","7","7",2007-04-12,"alan bates"
"22","19 April 2007 (2007-04-19)","8","8",2007-04-19,"barbara windsor"
"23","19 April 2007 (2007-04-19)","8","8",2007-04-19,"robert webb"
"24","26 April 2007 (2007-04-26)","9","9",2007-04-26,"dustin hoffman"
"25","26 April 2007 (2007-04-26)","9","9",2007-04-26,"lisa hoffman"
"26","26 April 2007 (2007-04-26)","9","9",2007-04-26,"mika"
"27","3 May 2007 (2007-05-03)","10","10",2007-05-03,"dawn french"
"28","3 May 2007 (2007-05-03)","10","10",2007-05-03,"sarah beeny"
"29","10 May 2007 (2007-05-10)","11","11",2007-05-10,"gérard depardieu"
"30","10 May 2007 (2007-05-10)","11","11",2007-05-10,"tori amos"
"31","17 May 2007 (2007-05-17)","12","12",2007-05-17,"joan collins"
"32","17 May 2007 (2007-05-17)","12","12",2007-05-17,"jason donovan"
"33","17 May 2007 (2007-05-17)","12","12",2007-05-17,"ben's brother"
"34","24 May 2007 (2007-05-24)","13","13",2007-05-24,"miriam margolyes"
"35","24 May 2007 (2007-05-24)","13","13",2007-05-24,"rupert everett"
"36","24 May 2007 (2007-05-24)","13","13",2007-05-24,"the zimmers"
"37","31 May 2007 (2007-05-31)","14","14",2007-05-31,"matt lucas"
"38","31 May 2007 (2007-05-31)","14","14",2007-05-31,"andrew lloyd webber"
"39","31 May 2007 (2007-05-31)","14","14",2007-05-31,"sinéad o'connor"
"40","7 June 2007 (2007-06-07)","15","15",2007-06-07,"jennifer coolidge"
"41","7 June 2007 (2007-06-07)","15","15",2007-06-07,"enrique iglesias"
"42","14 June 2007 (2007-06-14)","16","16",2007-06-14,"joanna lumley"
"43","14 June 2007 (2007-06-14)","16","16",2007-06-14,"jon bon jovi"
"44","21 June 2007 (2007-06-21)","17","17",2007-06-21,"alice cooper"
"45","21 June 2007 (2007-06-21)","17","17",2007-06-21,"sandi toksvig"
"46","21 June 2007 (2007-06-21)","17","17",2007-06-21,"gareth gates"
"47","28 June 2007 (2007-06-28)","18","18",2007-06-28,"dennis hopper"
"48","28 June 2007 (2007-06-28)","18","18",2007-06-28,"ardal o'hanlon"
"49","28 June 2007 (2007-06-28)","18","18",2007-06-28,"joss stone"
"50","5 July 2007 (2007-07-05)","19","19",2007-07-05,"tyne daly"
"51","5 July 2007 (2007-07-05)","19","19",2007-07-05,"sharon gless"
"52","5 July 2007 (2007-07-05)","19","19",2007-07-05,"natalie imbruglia"
"53","11 October 2007 (2007-10-11)","1","20",2007-10-11,"courtney love"
"54","11 October 2007 (2007-10-11)","1","20",2007-10-11,"louis walsh"
"55","11 October 2007 (2007-10-11)","1","20",2007-10-11,"brian capron"
"56","11 October 2007 (2007-10-11)","1","20",2007-10-11,"katie melua"
"57","18 October 2007 (2007-10-18)","2","21",2007-10-18,"gabriel byrne"
"58","18 October 2007 (2007-10-18)","2","21",2007-10-18,"letitia dean"
"59","18 October 2007 (2007-10-18)","2","21",2007-10-18,"the backstreet boys"
"60","25 October 2007 (2007-10-25)","3","22",2007-10-25,"melanie chisholm"
"61","25 October 2007 (2007-10-25)","3","22",2007-10-25,"josh hartnett"
"62","25 October 2007 (2007-10-25)","3","22",2007-10-25,"rufus wainwright"
"63","1 November 2007 (2007-11-01)","4","23",2007-11-01,"jackie collins"
"64","1 November 2007 (2007-11-01)","4","23",2007-11-01,"john waters"
"65","1 November 2007 (2007-11-01)","4","23",2007-11-01,"westlife"
"66","8 November 2007 (2007-11-08)","5","24",2007-11-08,"frankie boyle"
"67","8 November 2007 (2007-11-08)","5","24",2007-11-08,"elle macpherson"
"68","8 November 2007 (2007-11-08)","5","24",2007-11-08,"kt tunstall"
"69","15 November 2007 (2007-11-15)","6","25",2007-11-15,"jo brand"
"70","15 November 2007 (2007-11-15)","6","25",2007-11-15,"trinny woodall"
"71","15 November 2007 (2007-11-15)","6","25",2007-11-15,"susannah constantine"
"72","15 November 2007 (2007-11-15)","6","25",2007-11-15,"alison moyet"
"73","22 November 2007 (2007-11-22)","7","26",2007-11-22,"john schneider"
"74","22 November 2007 (2007-11-22)","7","26",2007-11-22,"tom wopat"
"75","22 November 2007 (2007-11-22)","7","26",2007-11-22,"catherine bach"
"76","22 November 2007 (2007-11-22)","7","26",2007-11-22,"phil nichol"
"77","29 November 2007 (2007-11-29)","8","27",2007-11-29,"alan carr"
"78","29 November 2007 (2007-11-29)","8","27",2007-11-29,"glenn close"
"79","29 November 2007 (2007-11-29)","8","27",2007-11-29,"amy macdonald"
"80","6 December 2007 (2007-12-06)","9","28",2007-12-06,"nigella lawson"
"81","6 December 2007 (2007-12-06)","9","28",2007-12-06,"marilyn manson"
"82","6 December 2007 (2007-12-06)","9","28",2007-12-06,"rihanna"
"83","13 December 2007 (2007-12-13)","10","29",2007-12-13,"sharon osbourne"
"84","13 December 2007 (2007-12-13)","10","29",2007-12-13,"david boreanaz"
"85","13 December 2007 (2007-12-13)","10","29",2007-12-13,"louis walsh"
"86","13 December 2007 (2007-12-13)","10","29",2007-12-13,"stereophonics"
"87","20 December 2007 (2007-12-20)","11","30",2007-12-20,"miriam margolyes"
"88","20 December 2007 (2007-12-20)","11","30",2007-12-20,"ashley jensen"
"89","20 December 2007 (2007-12-20)","11","30",2007-12-20,"mika"
"90","26 December 2007 (2007-12-26)","12","31",2007-12-26,"russell brand"
"91","26 December 2007 (2007-12-26)","12","31",2007-12-26,"lorraine kelly"
"92","26 December 2007 (2007-12-26)","12","31",2007-12-26,"christopher biggins"
"93","26 December 2007 (2007-12-26)","12","31",2007-12-26,"barbara windsor"
"94","26 December 2007 (2007-12-26)","12","31",2007-12-26,"the feeling"
"95","17 April 2008 (2008-04-17)","1","32",2008-04-17,"kevin bacon"
"96","17 April 2008 (2008-04-17)","1","32",2008-04-17,"tony curtis"
"97","17 April 2008 (2008-04-17)","1","32",2008-04-17,"robyn"
"98","24 April 2008 (2008-04-24)","2","33",2008-04-24,"martin sheen"
"99","24 April 2008 (2008-04-24)","2","33",2008-04-24,"ed byrne"
"100","24 April 2008 (2008-04-24)","2","33",2008-04-24,"will.i.am with cheryl cole"
"101","1 May 2008 (2008-05-01)","3","34",2008-05-01,"robert wagner"
"102","1 May 2008 (2008-05-01)","3","34",2008-05-01,"stefanie powers"
"103","1 May 2008 (2008-05-01)","3","34",2008-05-01,"chesney hawkes"
"104","1 May 2008 (2008-05-01)","3","34",2008-05-01,"sandi thom"
"105","8 May 2008 (2008-05-08)","4","35",2008-05-08,"jimmy carr"
"106","8 May 2008 (2008-05-08)","4","35",2008-05-08,"minnie driver"
"107","15 May 2008 (2008-05-15)","5","36",2008-05-15,"cynthia nixon"
"108","15 May 2008 (2008-05-15)","5","36",2008-05-15,"david mitchell"
"109","15 May 2008 (2008-05-15)","5","36",2008-05-15,"liz smith"
"110","15 May 2008 (2008-05-15)","5","36",2008-05-15,"onerepublic"
"111","22 May 2008 (2008-05-22)","6","37",2008-05-22,"jackie chan"
"112","22 May 2008 (2008-05-22)","6","37",2008-05-22,"dawn french"
"113","22 May 2008 (2008-05-22)","6","37",2008-05-22,"duffy"
"114","29 May 2008 (2008-05-29)","7","38",2008-05-29,"dame edna everage"
"115","29 May 2008 (2008-05-29)","7","38",2008-05-29,"ray mears"
"116","29 May 2008 (2008-05-29)","7","38",2008-05-29,"alanis morissette"
"117","5 June 2008 (2008-06-05)","8","39",2008-06-05,"susan sarandon"
"118","5 June 2008 (2008-06-05)","8","39",2008-06-05,"jon culshaw"
"119","5 June 2008 (2008-06-05)","8","39",2008-06-05,"jodie prenger"
"120","5 June 2008 (2008-06-05)","8","39",2008-06-05,"the feeling"
"121","12 June 2008 (2008-06-12)","9","40",2008-06-12,"gordon ramsay"
"122","12 June 2008 (2008-06-12)","9","40",2008-06-12,"juliette binoche"
"123","12 June 2008 (2008-06-12)","9","40",2008-06-12,"scouting for girls"
"124","19 June 2008 (2008-06-19)","10","41",2008-06-19,"joan rivers"
"125","19 June 2008 (2008-06-19)","10","41",2008-06-19,"alicia silverstone"
"126","19 June 2008 (2008-06-19)","10","41",2008-06-19,"freemasons"
"127","26 June 2008 (2008-06-26)","11","42",2008-06-26,"john malkovich"
"128","26 June 2008 (2008-06-26)","11","42",2008-06-26,"alan davies"
"129","26 June 2008 (2008-06-26)","11","42",2008-06-26,"sharleen spiteri"
"130","3 July 2008 (2008-07-03)","12","43",2008-07-03,"catherine tate"
"131","3 July 2008 (2008-07-03)","12","43",2008-07-03,"james nesbitt"
"132","3 July 2008 (2008-07-03)","12","43",2008-07-03,"the kooks"
"133","2 October 2008 (2008-10-02)","1","44",2008-10-02,"harry shearer"
"134","2 October 2008 (2008-10-02)","1","44",2008-10-02,"eddie izzard"
"135","2 October 2008 (2008-10-02)","1","44",2008-10-02,"travis"
"136","9 October 2008 (2008-10-09)","2","45",2008-10-09,"jennifer saunders"
"137","9 October 2008 (2008-10-09)","2","45",2008-10-09,"cyndi lauper"
"138","16 October 2008 (2008-10-16)","3","46",2008-10-16,"goldie hawn"
"139","16 October 2008 (2008-10-16)","3","46",2008-10-16,"sandi toksvig"
"140","16 October 2008 (2008-10-16)","3","46",2008-10-16,"alphabeat"
"141","23 October 2008 (2008-10-23)","4","47",2008-10-23,"ricky gervais"
"142","23 October 2008 (2008-10-23)","4","47",2008-10-23,"thandie newton"
"143","23 October 2008 (2008-10-23)","4","47",2008-10-23,"anastacia"
"144","30 October 2008 (2008-10-30)","5","48",2008-10-30,"mickey rourke"
"145","30 October 2008 (2008-10-30)","5","48",2008-10-30,"jessica biel"
"146","30 October 2008 (2008-10-30)","5","48",2008-10-30,"martha wainwright"
"147","6 November 2008 (2008-11-06)","6","49",2008-11-06,"karen allen"
"148","6 November 2008 (2008-11-06)","6","49",2008-11-06,"frank skinner"
"149","6 November 2008 (2008-11-06)","6","49",2008-11-06,"glasvegas"
"150","13 November 2008 (2008-11-13)","7","50",2008-11-13,"robin williams"
"151","13 November 2008 (2008-11-13)","7","50",2008-11-13,"estelle"
"152","20 November 2008 (2008-11-20)","8","51",2008-11-20,"alan carr"
"153","20 November 2008 (2008-11-20)","8","51",2008-11-20,"tom jones"
"154","27 November 2008 (2008-11-27)","9","52",2008-11-27,"reese witherspoon"
"155","27 November 2008 (2008-11-27)","9","52",2008-11-27,"paul o'grady"
"156","27 November 2008 (2008-11-27)","9","52",2008-11-27,"the ting tings"
"157","4 December 2008 (2008-12-04)","10","53",2008-12-04,"barry manilow"
"158","11 December 2008 (2008-12-11)","11","54",2008-12-11,"brendan fraser"
"159","11 December 2008 (2008-12-11)","11","54",2008-12-11,"martina navratilova"
"160","11 December 2008 (2008-12-11)","11","54",2008-12-11,"alesha dixon"
"161","18 December 2008 (2008-12-18)","12","55",2008-12-18,"jack dee"
"162","18 December 2008 (2008-12-18)","12","55",2008-12-18,"davina mccall"
"163","18 December 2008 (2008-12-18)","12","55",2008-12-18,"razorlight"
"164","30 December 2008 (2008-12-30)","14","57",2008-12-30,"joe swash"
"165","30 December 2008 (2008-12-30)","14","57",2008-12-30,"michael mcintyre"
"166","30 December 2008 (2008-12-30)","14","57",2008-12-30,"tim minchin"
"167","30 December 2008 (2008-12-30)","14","57",2008-12-30,"boyzone"
"168","5 March 2009 (2009-03-05)","1","58",2009-03-05,"sarah"
"169","5 March 2009 (2009-03-05)","1","58",2009-03-05,"duchess of york"
"170","5 March 2009 (2009-03-05)","1","58",2009-03-05,"ed byrne"
"171","12 March 2009 (2009-03-12)","2","59",2009-03-12,"greg kinnear"
"172","12 March 2009 (2009-03-12)","2","59",2009-03-12,"ruth jones"
"173","19 March 2009 (2009-03-19)","3","60",2009-03-19,"ronnie corbett"
"174","19 March 2009 (2009-03-19)","3","60",2009-03-19,"ricky gervais"
"175","19 March 2009 (2009-03-19)","3","60",2009-03-19,"shaun williamson"
"176","26 March 2009 (2009-03-26)","4","61",2009-03-26,"zac efron"
"177","26 March 2009 (2009-03-26)","4","61",2009-03-26,"david walliams"
"178","26 March 2009 (2009-03-26)","4","61",2009-03-26,"pet shop boys"
"179","2 April 2009 (2009-04-02)","5","62",2009-04-02,"roberto benigni"
"180","2 April 2009 (2009-04-02)","5","62",2009-04-02,"patsy kensit"
"181","16 April 2009 (2009-04-16)","6","63",2009-04-16,"gillian anderson"
"182","16 April 2009 (2009-04-16)","6","63",2009-04-16,"chris addison"
"183","16 April 2009 (2009-04-16)","6","63",2009-04-16,"sinéad o'connor"
"184","23 April 2009 (2009-04-23)","7","64",2009-04-23,"katie price"
"185","23 April 2009 (2009-04-23)","7","64",2009-04-23,"peter andre"
"186","23 April 2009 (2009-04-23)","7","64",2009-04-23,"jimmy carr"
"187","30 April 2009 (2009-04-30)","8","65",2009-04-30,"anna friel"
"188","30 April 2009 (2009-04-30)","8","65",2009-04-30,"matt lucas"
"189","7 May 2009 (2009-05-07)","9","66",2009-05-07,"duncan bannatyne"
"190","7 May 2009 (2009-05-07)","9","66",2009-05-07,"joan rivers"
"191","7 May 2009 (2009-05-07)","9","66",2009-05-07,"chesney hawkes"
"192","14 May 2009 (2009-05-14)","10","67",2009-05-14,"willem dafoe"
"193","14 May 2009 (2009-05-14)","10","67",2009-05-14,"ashley jensen"
"194","14 May 2009 (2009-05-14)","10","67",2009-05-14,"lily allen"
"195","21 May 2009 (2009-05-21)","11","68",2009-05-21,"isabella rossellini"
"196","21 May 2009 (2009-05-21)","11","68",2009-05-21,"alistair mcgowan"
"197","21 May 2009 (2009-05-21)","11","68",2009-05-21,"juliette lewis"
"198","28 May 2009 (2009-05-28)","12","69",2009-05-28,"kurt russell"
"199","28 May 2009 (2009-05-28)","12","69",2009-05-28,"jenny eclair"
"200","5 October 2009 (2009-10-05)","1","70",2009-10-05,"ricky gervais"
"201","5 October 2009 (2009-10-05)","1","70",2009-10-05,"ozzy"
"202","5 October 2009 (2009-10-05)","1","70",2009-10-05,"sharon osbourne"
"203","5 October 2009 (2009-10-05)","1","70",2009-10-05,"olivia newton-john"
"204","12 October 2009 (2009-10-12)","2","71",2009-10-12,"anna paquin"
"205","12 October 2009 (2009-10-12)","2","71",2009-10-12,"david mitchell"
"206","12 October 2009 (2009-10-12)","2","71",2009-10-12,"robert webb"
"207","12 October 2009 (2009-10-12)","2","71",2009-10-12,"paolo nutini"
"208","19 October 2009 (2009-10-19)","3","72",2009-10-19,"katie price"
"209","19 October 2009 (2009-10-19)","3","72",2009-10-19,"jackie collins"
"210","19 October 2009 (2009-10-19)","3","72",2009-10-19,"jo brand"
"211","26 October 2009 (2009-10-26)","4","73",2009-10-26,"lily cole"
"212","26 October 2009 (2009-10-26)","4","73",2009-10-26,"isabella rossellini"
"213","26 October 2009 (2009-10-26)","4","73",2009-10-26,"sue perkins"
"214","26 October 2009 (2009-10-26)","4","73",2009-10-26,"michael bublé"
"215","2 November 2009 (2009-11-02)","5","74",2009-11-02,"katherine jenkins"
"216","2 November 2009 (2009-11-02)","5","74",2009-11-02,"rob brydon"
"217","2 November 2009 (2009-11-02)","5","74",2009-11-02,"harry connick jr."
"218","9 November 2009 (2009-11-09)","6","75",2009-11-09,"david tennant"
"219","9 November 2009 (2009-11-09)","6","75",2009-11-09,"johnny vegas"
"220","9 November 2009 (2009-11-09)","6","75",2009-11-09,"alison moyet"
"221","16 November 2009 (2009-11-16)","7","76",2009-11-16,"michael palin"
"222","16 November 2009 (2009-11-16)","7","76",2009-11-16,"dawn french"
"223","16 November 2009 (2009-11-16)","7","76",2009-11-16,"rod stewart"
"224","23 November 2009 (2009-11-23)","8","77",2009-11-23,"michael sheen"
"225","23 November 2009 (2009-11-23)","8","77",2009-11-23,"rhod gilbert"
"226","23 November 2009 (2009-11-23)","8","77",2009-11-23,"dame shirley bassey"
"227","30 November 2009 (2009-11-30)","9","78",2009-11-30,"stephen fry"
"228","30 November 2009 (2009-11-30)","9","78",2009-11-30,"bill bailey"
"229","30 November 2009 (2009-11-30)","9","78",2009-11-30,"cesar millan"
"230","30 November 2009 (2009-11-30)","9","78",2009-11-30,"annie lennox"
"231","30 November 2009 (2009-11-30)","9","78",2009-11-30,"david gray"
"232","7 December 2009 (2009-12-07)","10","79",2009-12-07,"catherine tate"
"233","7 December 2009 (2009-12-07)","10","79",2009-12-07,"jimmy carr"
"234","7 December 2009 (2009-12-07)","10","79",2009-12-07,"50 cent"
"235","14 December 2009 (2009-12-14)","11","80",2009-12-14,"robert downey"
"236","14 December 2009 (2009-12-14)","11","80",2009-12-14,"jr."
"237","14 December 2009 (2009-12-14)","11","80",2009-12-14,"ed byrne"
"238","14 December 2009 (2009-12-14)","11","80",2009-12-14,"will young"
"239","31 December 2009 (2009-12-31)","13","82",2009-12-31,"sarah jessica parker"
"240","31 December 2009 (2009-12-31)","13","82",2009-12-31,"dominic west"
"241","31 December 2009 (2009-12-31)","13","82",2009-12-31,"joan rivers"
"242","31 December 2009 (2009-12-31)","13","82",2009-12-31,"jedward"
"243","31 December 2009 (2009-12-31)","13","82",2009-12-31,"sharleen spiteri"
"244","12 April 2010 (2010-04-12)","1","83",2010-04-12,"ricky gervais"
"245","12 April 2010 (2010-04-12)","1","83",2010-04-12,"stephen merchant"
"246","12 April 2010 (2010-04-12)","1","83",2010-04-12,"christina ricci"
"247","12 April 2010 (2010-04-12)","1","83",2010-04-12,"pixie lott"
"248","19 April 2010 (2010-04-19)","2","84",2010-04-19,"toni collette"
"249","19 April 2010 (2010-04-19)","2","84",2010-04-19,"billie piper"
"250","19 April 2010 (2010-04-19)","2","84",2010-04-19,"shappi khorsandi"
"251","19 April 2010 (2010-04-19)","2","84",2010-04-19,"scouting for girls"
"252","26 April 2010 (2010-04-26)","3","85",2010-04-26,"lee mack"
"253","26 April 2010 (2010-04-26)","3","85",2010-04-26,"john cleese"
"254","26 April 2010 (2010-04-26)","3","85",2010-04-26,"martin clunes"
"255","26 April 2010 (2010-04-26)","3","85",2010-04-26,"jane turner"
"256","3 May 2010 (2010-05-03)","4","86",2010-05-03,"jennifer lopez"
"257","3 May 2010 (2010-05-03)","4","86",2010-05-03,"karen gillan"
"258","3 May 2010 (2010-05-03)","4","86",2010-05-03,"alan davies"
"259","3 May 2010 (2010-05-03)","4","86",2010-05-03,"ben's brother"
"260","10 May 2010 (2010-05-10)","5","87",2010-05-10,"brooke shields"
"261","10 May 2010 (2010-05-10)","5","87",2010-05-10,"miranda hart"
"262","10 May 2010 (2010-05-10)","5","87",2010-05-10,"jedward"
"263","10 May 2010 (2010-05-10)","5","87",2010-05-10,"the bacon brothers"
"264","17 May 2010 (2010-05-17)","6","88",2010-05-17,"andrew lloyd webber"
"265","17 May 2010 (2010-05-17)","6","88",2010-05-17,"minnie driver"
"266","17 May 2010 (2010-05-17)","6","88",2010-05-17,"ruth jones"
"267","17 May 2010 (2010-05-17)","6","88",2010-05-17,"katie melua"
"268","24 May 2010 (2010-05-24)","7","89",2010-05-24,"janet jackson"
"269","24 May 2010 (2010-05-24)","7","89",2010-05-24,"tyler perry"
"270","24 May 2010 (2010-05-24)","7","89",2010-05-24,"marcus brigstocke"
"271","24 May 2010 (2010-05-24)","7","89",2010-05-24,"eric idle"
"272","31 May 2010 (2010-05-31)","8","90",2010-05-31,"chris rock"
"273","31 May 2010 (2010-05-31)","8","90",2010-05-31,"joshua jackson"
"274","31 May 2010 (2010-05-31)","8","90",2010-05-31,"diana vickers"
"275","7 June 2010 (2010-06-07)","9","91",2010-06-07,"miley cyrus"
"276","7 June 2010 (2010-06-07)","9","91",2010-06-07,"jack whitehall"
"277","7 June 2010 (2010-06-07)","9","91",2010-06-07,"usher"
"278","14 June 2010 (2010-06-14)","10","92",2010-06-14,"amanda holden"
"279","14 June 2010 (2010-06-14)","10","92",2010-06-14,"bill bailey"
"280","14 June 2010 (2010-06-14)","10","92",2010-06-14,"kelly rowland"
"281","21 June 2010 (2010-06-21)","11","93",2010-06-21,"joanna lumley"
"282","21 June 2010 (2010-06-21)","11","93",2010-06-21,"david hyde pierce"
"283","21 June 2010 (2010-06-21)","11","93",2010-06-21,"hamish & andy"
"284","21 June 2010 (2010-06-21)","11","93",2010-06-21,"fyfe dangerfield"
"285","28 June 2010 (2010-06-28)","12","94",2010-06-28,"anna kournikova"
"286","28 June 2010 (2010-06-28)","12","94",2010-06-28,"jason manford"
"287","28 June 2010 (2010-06-28)","12","94",2010-06-28,"katy perry"
"288","22 October 2010 (2010-10-22)","1","95",2010-10-22,"maggie gyllenhaal"
"289","22 October 2010 (2010-10-22)","1","95",2010-10-22,"russell howard"
"290","22 October 2010 (2010-10-22)","1","95",2010-10-22,"charlotte church"
"291","29 October 2010 (2010-10-29)","2","96",2010-10-29,"alan sugar"
"292","29 October 2010 (2010-10-29)","2","96",2010-10-29,"pamela stephenson"
"293","29 October 2010 (2010-10-29)","2","96",2010-10-29,"lee mack"
"294","29 October 2010 (2010-10-29)","2","96",2010-10-29,"james blunt"
"295","5 November 2010 (2010-11-05)","3","97",2010-11-05,"johnny knoxville"
"296","5 November 2010 (2010-11-05)","3","97",2010-11-05,"joan rivers"
"297","5 November 2010 (2010-11-05)","3","97",2010-11-05,"catherine tate"
"298","5 November 2010 (2010-11-05)","3","97",2010-11-05,"pet shop boys"
"299","12 November 2010 (2010-11-12)","4","98",2010-11-12,"colin farrell"
"300","12 November 2010 (2010-11-12)","4","98",2010-11-12,"daniel radcliffe"
"301","12 November 2010 (2010-11-12)","4","98",2010-11-12,"rhod gilbert"
"302","12 November 2010 (2010-11-12)","4","98",2010-11-12,"rihanna"
"303","26 November 2010 (2010-11-26)","5","99",2010-11-26,"david haye"
"304","26 November 2010 (2010-11-26)","5","99",2010-11-26,"stephen fry"
"305","26 November 2010 (2010-11-26)","5","99",2010-11-26,"bette midler"
"306","3 December 2010 (2010-12-03)","6","100",2010-12-03,"jack black"
"307","3 December 2010 (2010-12-03)","6","100",2010-12-03,"miranda hart"
"308","3 December 2010 (2010-12-03)","6","100",2010-12-03,"john waters"
"309","3 December 2010 (2010-12-03)","6","100",2010-12-03,"justin bieber"
"310","10 December 2010 (2010-12-10)","7","101",2010-12-10,"barry manilow"
"311","10 December 2010 (2010-12-10)","7","101",2010-12-10,"katherine jenkins"
"312","10 December 2010 (2010-12-10)","7","101",2010-12-10,"ann widdecombe"
"313","10 December 2010 (2010-12-10)","7","101",2010-12-10,"sean lock"
"314","10 December 2010 (2010-12-10)","7","101",2010-12-10,"kt tunstall"
"315","17 December 2010 (2010-12-17)","8","102",2010-12-17,"cher"
"316","17 December 2010 (2010-12-17)","8","102",2010-12-17,"dawn french"
"317","17 December 2010 (2010-12-17)","8","102",2010-12-17,"the script"
"318","24 December 2010 (2010-12-24)","9","103",2010-12-24,"matt smith"
"319","24 December 2010 (2010-12-24)","9","103",2010-12-24,"kara tointon"
"320","24 December 2010 (2010-12-24)","9","103",2010-12-24,"artem chigvintsev"
"321","24 December 2010 (2010-12-24)","9","103",2010-12-24,"matt lucas"
"322","24 December 2010 (2010-12-24)","9","103",2010-12-24,"david walliams"
"323","24 December 2010 (2010-12-24)","9","103",2010-12-24,"ellie goulding"
"324","31 December 2010 (2010-12-31)","10","104",2010-12-31,"elizabeth mcgovern"
"325","31 December 2010 (2010-12-31)","10","104",2010-12-31,"louis walsh"
"326","31 December 2010 (2010-12-31)","10","104",2010-12-31,"alan davies"
"327","31 December 2010 (2010-12-31)","10","104",2010-12-31,"eliza doolittle"
"328","7 January 2011 (2011-01-07)","11","105",2011-01-07,"keanu reeves"
"329","7 January 2011 (2011-01-07)","11","105",2011-01-07,"emilia fox"
"330","7 January 2011 (2011-01-07)","11","105",2011-01-07,"marcus brigstocke"
"331","7 January 2011 (2011-01-07)","11","105",2011-01-07,"imelda may"
"332","14 January 2011 (2011-01-14)","12","106",2011-01-14,"matt leblanc"
"333","14 January 2011 (2011-01-14)","12","106",2011-01-14,"david mitchell"
"334","14 January 2011 (2011-01-14)","12","106",2011-01-14,"mary portas"
"335","14 January 2011 (2011-01-14)","12","106",2011-01-14,"donald sutherland"
"336","21 January 2011 (2011-01-21)","13","107",2011-01-21,"vince vaughn"
"337","21 January 2011 (2011-01-21)","13","107",2011-01-21,"sarah millican"
"338","21 January 2011 (2011-01-21)","13","107",2011-01-21,"diddy"
"339","28 January 2011 (2011-01-28)","14","108",2011-01-28,"kate hudson"
"340","28 January 2011 (2011-01-28)","14","108",2011-01-28,"russell kane"
"341","28 January 2011 (2011-01-28)","14","108",2011-01-28,"tinie tempah"
"342","4 February 2011 (2011-02-04)","15","109",2011-02-04,"dame helen mirren"
"343","4 February 2011 (2011-02-04)","15","109",2011-02-04,"emily blunt"
"344","4 February 2011 (2011-02-04)","15","109",2011-02-04,"ed byrne"
"345","4 February 2011 (2011-02-04)","15","109",2011-02-04,"the wanted"
"346","11 February 2011 (2011-02-11)","16","110",2011-02-11,"sigourney weaver"
"347","11 February 2011 (2011-02-11)","16","110",2011-02-11,"brian cox"
"348","11 February 2011 (2011-02-11)","16","110",2011-02-11,"sandi toksvig"
"349","11 February 2011 (2011-02-11)","16","110",2011-02-11,"sugarland"
"350","18 February 2011 (2011-02-18)","17","111",2011-02-18,"ashton kutcher"
"351","18 February 2011 (2011-02-18)","17","111",2011-02-18,"heston blumenthal"
"352","18 February 2011 (2011-02-18)","17","111",2011-02-18,"greg davies"
"353","18 February 2011 (2011-02-18)","17","111",2011-02-18,"hurts"
"354","25 February 2011 (2011-02-25)","18","112",2011-02-25,"matthew fox"
"355","25 February 2011 (2011-02-25)","18","112",2011-02-25,"diane kruger"
"356","25 February 2011 (2011-02-25)","18","112",2011-02-25,"john bishop"
"357","25 February 2011 (2011-02-25)","18","112",2011-02-25,"jessie j"
"358","4 March 2011 (2011-03-04)","19","113",2011-03-04,"stanley tucci"
"359","4 March 2011 (2011-03-04)","19","113",2011-03-04,"miriam margolyes"
"360","4 March 2011 (2011-03-04)","19","113",2011-03-04,"jimmy carr"
"361","4 March 2011 (2011-03-04)","19","113",2011-03-04,"bruno mars"
"362","11 March 2011 (2011-03-11)","20","114",2011-03-11,"liam neeson"
"363","11 March 2011 (2011-03-11)","20","114",2011-03-11,"bradley cooper"
"364","11 March 2011 (2011-03-11)","20","114",2011-03-11,"stephen merchant"
"365","11 March 2011 (2011-03-11)","20","114",2011-03-11,"jo brand"
"366","11 March 2011 (2011-03-11)","20","114",2011-03-11,"blue"
"367","15 April 2011 (2011-04-15)","1","115",2011-04-15,"david tennant"
"368","15 April 2011 (2011-04-15)","1","115",2011-04-15,"catherine tate"
"369","15 April 2011 (2011-04-15)","1","115",2011-04-15,"jon richardson"
"370","15 April 2011 (2011-04-15)","1","115",2011-04-15,"josh groban"
"371","22 April 2011 (2011-04-22)","2","116",2011-04-22,"k.d. lang"
"372","22 April 2011 (2011-04-22)","2","116",2011-04-22,"bill bailey"
"373","22 April 2011 (2011-04-22)","2","116",2011-04-22,"jennifer hudson"
"374","29 April 2011 (2011-04-29)","3","117",2011-04-29,"miranda hart"
"375","29 April 2011 (2011-04-29)","3","117",2011-04-29,"jack whitehall"
"376","29 April 2011 (2011-04-29)","3","117",2011-04-29,"nico evers-swindell"
"377","29 April 2011 (2011-04-29)","3","117",2011-04-29,"camilla luddington"
"378","29 April 2011 (2011-04-29)","3","117",2011-04-29,"adele"
"379","6 May 2011 (2011-05-06)","4","118",2011-05-06,"robert pattinson"
"380","6 May 2011 (2011-05-06)","4","118",2011-05-06,"reese witherspoon"
"381","6 May 2011 (2011-05-06)","4","118",2011-05-06,"shappi khorsandi"
"382","6 May 2011 (2011-05-06)","4","118",2011-05-06,"hugh laurie"
"383","13 May 2011 (2011-05-13)","5","119",2011-05-13,"gwyneth paltrow"
"384","13 May 2011 (2011-05-13)","5","119",2011-05-13,"geoffrey rush"
"385","13 May 2011 (2011-05-13)","5","119",2011-05-13,"jason byrne"
"386","13 May 2011 (2011-05-13)","5","119",2011-05-13,"lady gaga"
"387","20 May 2011 (2011-05-20)","6","120",2011-05-20,"snoop dogg"
"388","20 May 2011 (2011-05-20)","6","120",2011-05-20,"cuba gooding jr."
"389","20 May 2011 (2011-05-20)","6","120",2011-05-20,"elle macpherson"
"390","20 May 2011 (2011-05-20)","6","120",2011-05-20,"cee lo green"
"391","27 May 2011 (2011-05-27)","7","121",2011-05-27,"bradley cooper"
"392","27 May 2011 (2011-05-27)","7","121",2011-05-27,"ed helms"
"393","27 May 2011 (2011-05-27)","7","121",2011-05-27,"alex kingston"
"394","27 May 2011 (2011-05-27)","7","121",2011-05-27,"rob lowe"
"395","27 May 2011 (2011-05-27)","7","121",2011-05-27,"aloe blacc"
"396","3 June 2011 (2011-06-03)","8","122",2011-06-03,"james mcavoy"
"397","3 June 2011 (2011-06-03)","8","122",2011-06-03,"jack dee"
"398","3 June 2011 (2011-06-03)","8","122",2011-06-03,"liza minnelli"
"399","10 June 2011 (2011-06-10)","9","123",2011-06-10,"tom hanks"
"400","10 June 2011 (2011-06-10)","9","123",2011-06-10,"simon pegg"
"401","10 June 2011 (2011-06-10)","9","123",2011-06-10,"nicole scherzinger"
"402","17 June 2011 (2011-06-17)","10","124",2011-06-17,"cameron diaz"
"403","17 June 2011 (2011-06-17)","10","124",2011-06-17,"bear grylls"
"404","17 June 2011 (2011-06-17)","10","124",2011-06-17,"kathy griffin"
"405","17 June 2011 (2011-06-17)","10","124",2011-06-17,"friendly fires"
"406","24 June 2011 (2011-06-24)","11","125",2011-06-24,"kim cattrall"
"407","24 June 2011 (2011-06-24)","11","125",2011-06-24,"jessie wallace"
"408","24 June 2011 (2011-06-24)","11","125",2011-06-24,"lee mack"
"409","24 June 2011 (2011-06-24)","11","125",2011-06-24,"the saturdays"
"410","1 July 2011 (2011-07-01)","12","126",2011-07-01,"ewan mcgregor"
"411","1 July 2011 (2011-07-01)","12","126",2011-07-01,"chris o'dowd"
"412","1 July 2011 (2011-07-01)","12","126",2011-07-01,"example"
"413","21 October 2011 (2011-10-21)","1","128",2011-10-21,"kate winslet"
"414","21 October 2011 (2011-10-21)","1","128",2011-10-21,"jamie bell"
"415","21 October 2011 (2011-10-21)","1","128",2011-10-21,"rob brydon"
"416","21 October 2011 (2011-10-21)","1","128",2011-10-21,"noah"
"417","21 October 2011 (2011-10-21)","1","128",2011-10-21,"the whale"
"418","28 October 2011 (2011-10-28)","2","129",2011-10-28,"james mcavoy"
"419","28 October 2011 (2011-10-28)","2","129",2011-10-28,"joanna lumley"
"420","28 October 2011 (2011-10-28)","2","129",2011-10-28,"nancy dell'olio"
"421","28 October 2011 (2011-10-28)","2","129",2011-10-28,"john bishop"
"422","28 October 2011 (2011-10-28)","2","129",2011-10-28,"arctic monkeys"
"423","4 November 2011 (2011-11-04)","3","130",2011-11-04,"johnny depp"
"424","4 November 2011 (2011-11-04)","3","130",2011-11-04,"carey mulligan"
"425","4 November 2011 (2011-11-04)","3","130",2011-11-04,"ricky gervais"
"426","4 November 2011 (2011-11-04)","3","130",2011-11-04,"ed byrne"
"427","4 November 2011 (2011-11-04)","3","130",2011-11-04,"snow patrol"
"428","11 November 2011 (2011-11-11)","4","131",2011-11-11,"sir cliff richard"
"429","11 November 2011 (2011-11-11)","4","131",2011-11-11,"alan sugar"
"430","11 November 2011 (2011-11-11)","4","131",2011-11-11,"micky flanagan"
"431","11 November 2011 (2011-11-11)","4","131",2011-11-11,"kelly rowland"
"432","25 November 2011 (2011-11-25)","5","132",2011-11-25,"robin williams"
"433","25 November 2011 (2011-11-25)","5","132",2011-11-25,"elijah wood"
"434","25 November 2011 (2011-11-25)","5","132",2011-11-25,"jennifer saunders"
"435","25 November 2011 (2011-11-25)","5","132",2011-11-25,"jls"
"436","2 December 2011 (2011-12-02)","6","133",2011-12-02,"jessica biel"
"437","2 December 2011 (2011-12-02)","6","133",2011-12-02,"bradley cooper"
"438","2 December 2011 (2011-12-02)","6","133",2011-12-02,"james corden"
"439","2 December 2011 (2011-12-02)","6","133",2011-12-02,"sarah millican"
"440","2 December 2011 (2011-12-02)","6","133",2011-12-02,"lenny kravitz"
"441","9 December 2011 (2011-12-09)","7","134",2011-12-09,"antonio banderas"
"442","9 December 2011 (2011-12-09)","7","134",2011-12-09,"salma hayek"
"443","9 December 2011 (2011-12-09)","7","134",2011-12-09,"jimmy carr"
"444","9 December 2011 (2011-12-09)","7","134",2011-12-09,"coldplay"
"445","16 December 2011 (2011-12-16)","8","135",2011-12-16,"jude law"
"446","16 December 2011 (2011-12-16)","8","135",2011-12-16,"robert downey"
"447","16 December 2011 (2011-12-16)","8","135",2011-12-16,"jr."
"448","16 December 2011 (2011-12-16)","8","135",2011-12-16,"alesha dixon"
"449","16 December 2011 (2011-12-16)","8","135",2011-12-16,"eddie izzard"
"450","16 December 2011 (2011-12-16)","8","135",2011-12-16,"rebecca ferguson"
"451","23 December 2011 (2011-12-23)","9","136",2011-12-23,"matt smith"
"452","23 December 2011 (2011-12-23)","9","136",2011-12-23,"gillian anderson"
"453","23 December 2011 (2011-12-23)","9","136",2011-12-23,"harry judd"
"454","23 December 2011 (2011-12-23)","9","136",2011-12-23,"dougie poynter"
"455","23 December 2011 (2011-12-23)","9","136",2011-12-23,"hilary devey"
"456","23 December 2011 (2011-12-23)","9","136",2011-12-23,"russell kane"
"457","23 December 2011 (2011-12-23)","9","136",2011-12-23,"gareth malone"
"458","23 December 2011 (2011-12-23)","9","136",2011-12-23,"the military wives' choir"
"459","6 January 2012 (2012-01-06)","11","138",2012-01-06,"gerard butler"
"460","6 January 2012 (2012-01-06)","11","138",2012-01-06,"karen gillan"
"461","6 January 2012 (2012-01-06)","11","138",2012-01-06,"martin freeman"
"462","6 January 2012 (2012-01-06)","11","138",2012-01-06,"uggie"
"463","6 January 2012 (2012-01-06)","11","138",2012-01-06,"noel gallagher"
"464","13 January 2012 (2012-01-13)","12","139",2012-01-13,"madonna"
"465","13 January 2012 (2012-01-13)","12","139",2012-01-13,"andrea riseborough"
"466","13 January 2012 (2012-01-13)","12","139",2012-01-13,"james d'arcy"
"467","13 January 2012 (2012-01-13)","12","139",2012-01-13,"emeli sandé"
"468","20 January 2012 (2012-01-20)","13","140",2012-01-20,"sir kenneth branagh"
"469","20 January 2012 (2012-01-20)","13","140",2012-01-20,"zach braff"
"470","20 January 2012 (2012-01-20)","13","140",2012-01-20,"frank skinner"
"471","20 January 2012 (2012-01-20)","13","140",2012-01-20,"taio cruz"
"472","27 January 2012 (2012-01-27)","14","141",2012-01-27,"liam neeson"
"473","27 January 2012 (2012-01-27)","14","141",2012-01-27,"sir patrick stewart"
"474","27 January 2012 (2012-01-27)","14","141",2012-01-27,"alan davies"
"475","27 January 2012 (2012-01-27)","14","141",2012-01-27,"ed sheeran"
"476","3 February 2012 (2012-02-03)","15","142",2012-02-03,"reese witherspoon"
"477","3 February 2012 (2012-02-03)","15","142",2012-02-03,"alex kingston"
"478","3 February 2012 (2012-02-03)","15","142",2012-02-03,"reginald d. hunter"
"479","3 February 2012 (2012-02-03)","15","142",2012-02-03,"the musgraves"
"480","10 February 2012 (2012-02-10)","16","143",2012-02-10,"dame judi dench"
"481","10 February 2012 (2012-02-10)","16","143",2012-02-10,"dev patel"
"482","10 February 2012 (2012-02-10)","16","143",2012-02-10,"sue perkins"
"483","10 February 2012 (2012-02-10)","16","143",2012-02-10,"will young"
"484","17 February 2012 (2012-02-17)","17","144",2012-02-17,"daniel radcliffe"
"485","17 February 2012 (2012-02-17)","17","144",2012-02-17,"cuba gooding jr."
"486","17 February 2012 (2012-02-17)","17","144",2012-02-17,"omid djalili"
"487","17 February 2012 (2012-02-17)","17","144",2012-02-17,"sinéad o'connor"
"488","24 February 2012 (2012-02-24)","18","145",2012-02-24,"mark wahlberg"
"489","24 February 2012 (2012-02-24)","18","145",2012-02-24,"minnie driver"
"490","24 February 2012 (2012-02-24)","18","145",2012-02-24,"mark watson"
"491","24 February 2012 (2012-02-24)","18","145",2012-02-24,"christina perri"
"492","2 March 2012 (2012-03-02)","19","146",2012-03-02,"john cusack"
"493","2 March 2012 (2012-03-02)","19","146",2012-03-02,"goldie hawn"
"494","2 March 2012 (2012-03-02)","19","146",2012-03-02,"marcus brigstocke"
"495","2 March 2012 (2012-03-02)","19","146",2012-03-02,"kasabian"
"496","9 March 2012 (2012-03-09)","20","147",2012-03-09,"gérard depardieu"
"497","9 March 2012 (2012-03-09)","20","147",2012-03-09,"damian lewis"
"498","9 March 2012 (2012-03-09)","20","147",2012-03-09,"dominic west"
"499","9 March 2012 (2012-03-09)","20","147",2012-03-09,"olly murs"
"500","16 March 2012 (2012-03-16)","21","148",2012-03-16,"hugh grant"
"501","16 March 2012 (2012-03-16)","21","148",2012-03-16,"joanna page"
"502","16 March 2012 (2012-03-16)","21","148",2012-03-16,"jo brand"
"503","16 March 2012 (2012-03-16)","21","148",2012-03-16,"david guetta"
"504","13 April 2012 (2012-04-13)","1","149",2012-04-13,"ewan mcgregor"
"505","13 April 2012 (2012-04-13)","1","149",2012-04-13,"cate blanchett"
"506","13 April 2012 (2012-04-13)","1","149",2012-04-13,"michael sheen"
"507","13 April 2012 (2012-04-13)","1","149",2012-04-13,"matt lucas"
"508","13 April 2012 (2012-04-13)","1","149",2012-04-13,"keane"
"509","20 April 2012 (2012-04-20)","2","150",2012-04-20,"mark ruffalo"
"510","20 April 2012 (2012-04-20)","2","150",2012-04-20,"nicki minaj"
"511","20 April 2012 (2012-04-20)","2","150",2012-04-20,"john bishop"
"512","20 April 2012 (2012-04-20)","2","150",2012-04-20,"rufus wainwright"
"513","27 April 2012 (2012-04-27)","3","151",2012-04-27,"zac efron"
"514","27 April 2012 (2012-04-27)","3","151",2012-04-27,"matt leblanc"
"515","27 April 2012 (2012-04-27)","3","151",2012-04-27,"lee mack"
"516","27 April 2012 (2012-04-27)","3","151",2012-04-27,"marina"
"517","27 April 2012 (2012-04-27)","3","151",2012-04-27,"the diamonds"
"518","4 May 2012 (2012-05-04)","4","152",2012-05-04,"julie walters"
"519","4 May 2012 (2012-05-04)","4","152",2012-05-04,"didier drogba"
"520","4 May 2012 (2012-05-04)","4","152",2012-05-04,"simon amstell"
"521","4 May 2012 (2012-05-04)","4","152",2012-05-04,"jessie j"
"522","11 May 2012 (2012-05-11)","5","153",2012-05-11,"kristen stewart"
"523","11 May 2012 (2012-05-11)","5","153",2012-05-11,"stephen mangan"
"524","11 May 2012 (2012-05-11)","5","153",2012-05-11,"chris rock"
"525","11 May 2012 (2012-05-11)","5","153",2012-05-11,"engelbert humperdinck"
"526","18 May 2012 (2012-05-18)","6","154",2012-05-18,"will smith"
"527","18 May 2012 (2012-05-18)","6","154",2012-05-18,"gary barlow"
"528","18 May 2012 (2012-05-18)","6","154",2012-05-18,"sir tom jones"
"529","25 May 2012 (2012-05-25)","7","155",2012-05-25,"cameron diaz"
"530","25 May 2012 (2012-05-25)","7","155",2012-05-25,"sir david attenborough"
"531","25 May 2012 (2012-05-25)","7","155",2012-05-25,"kathy burke"
"532","25 May 2012 (2012-05-25)","7","155",2012-05-25,"scissor sisters"
"533","1 June 2012 (2012-06-01)","8","156",2012-06-01,"jon hamm"
"534","1 June 2012 (2012-06-01)","8","156",2012-06-01,"charlize theron"
"535","1 June 2012 (2012-06-01)","8","156",2012-06-01,"steve coogan"
"536","1 June 2012 (2012-06-01)","8","156",2012-06-01,"rumer"
"537","8 June 2012 (2012-06-08)","9","157",2012-06-08,"katy perry"
"538","8 June 2012 (2012-06-08)","9","157",2012-06-08,"ross noble"
"539","8 June 2012 (2012-06-08)","9","157",2012-06-08,"cheryl cole"
"540","15 June 2012 (2012-06-15)","10","158",2012-06-15,"emily blunt"
"541","15 June 2012 (2012-06-15)","10","158",2012-06-15,"russell brand"
"542","15 June 2012 (2012-06-15)","10","158",2012-06-15,"paloma faith"
"543","22 June 2012 (2012-06-22)","11","159",2012-06-22,"will.i.am"
"544","22 June 2012 (2012-06-22)","11","159",2012-06-22,"miriam margolyes"
"545","22 June 2012 (2012-06-22)","11","159",2012-06-22,"greg davies"
"546","22 June 2012 (2012-06-22)","11","159",2012-06-22,"adam lambert"
"547","29 June 2012 (2012-06-29)","12","160",2012-06-29,"danny devito"
"548","29 June 2012 (2012-06-29)","12","160",2012-06-29,"charlotte church"
"549","29 June 2012 (2012-06-29)","12","160",2012-06-29,"rhod gilbert"
"550","29 June 2012 (2012-06-29)","12","160",2012-06-29,"fun"
"551","19 October 2012 (2012-10-19)","1","162",2012-10-19,"arnold schwarzenegger"
"552","19 October 2012 (2012-10-19)","1","162",2012-10-19,"miranda hart"
"553","19 October 2012 (2012-10-19)","1","162",2012-10-19,"ronnie corbett"
"554","19 October 2012 (2012-10-19)","1","162",2012-10-19,"usher"
"555","26 October 2012 (2012-10-26)","2","163",2012-10-26,"daniel craig"
"556","26 October 2012 (2012-10-26)","2","163",2012-10-26,"dame judi dench"
"557","26 October 2012 (2012-10-26)","2","163",2012-10-26,"javier bardem"
"558","26 October 2012 (2012-10-26)","2","163",2012-10-26,"of monsters"
"559","26 October 2012 (2012-10-26)","2","163",2012-10-26,"men"
"560","2 November 2012 (2012-11-02)","3","164",2012-11-02,"darcey bussell"
"561","2 November 2012 (2012-11-02)","3","164",2012-11-02,"paul o'grady"
"562","2 November 2012 (2012-11-02)","3","164",2012-11-02,"felix baumgartner"
"563","2 November 2012 (2012-11-02)","3","164",2012-11-02,"uggie"
"564","2 November 2012 (2012-11-02)","3","164",2012-11-02,"robbie williams"
"565","9 November 2012 (2012-11-09)","4","165",2012-11-09,"cameron diaz"
"566","9 November 2012 (2012-11-09)","4","165",2012-11-09,"sarah millican"
"567","9 November 2012 (2012-11-09)","4","165",2012-11-09,"sir rod stewart"
"568","23 November 2012 (2012-11-23)","5","166",2012-11-23,"helena bonham carter"
"569","23 November 2012 (2012-11-23)","5","166",2012-11-23,"michael palin"
"570","23 November 2012 (2012-11-23)","5","166",2012-11-23,"jack whitehall"
"571","23 November 2012 (2012-11-23)","5","166",2012-11-23,"michael bublé feat. the puppini sisters"
"572","30 November 2012 (2012-11-30)","6","167",2012-11-30,"jake gyllenhaal"
"573","30 November 2012 (2012-11-30)","6","167",2012-11-30,"jeremy clarkson"
"574","30 November 2012 (2012-11-30)","6","167",2012-11-30,"james may"
"575","30 November 2012 (2012-11-30)","6","167",2012-11-30,"joan rivers"
"576","30 November 2012 (2012-11-30)","6","167",2012-11-30,"ke$ha"
"577","7 December 2012 (2012-12-07)","7","168",2012-12-07,"daniel radcliffe"
"578","7 December 2012 (2012-12-07)","7","168",2012-12-07,"jessica ennis"
"579","7 December 2012 (2012-12-07)","7","168",2012-12-07,"ricky gervais"
"580","7 December 2012 (2012-12-07)","7","168",2012-12-07,"bruno mars"
"581","14 December 2012 (2012-12-14)","8","169",2012-12-14,"martin freeman"
"582","14 December 2012 (2012-12-14)","8","169",2012-12-14,"dawn french"
"583","14 December 2012 (2012-12-14)","8","169",2012-12-14,"lee mack"
"584","14 December 2012 (2012-12-14)","8","169",2012-12-14,"girls aloud"
"585","21 December 2012 (2012-12-21)","9","170",2012-12-21,"dustin hoffman"
"586","21 December 2012 (2012-12-21)","9","170",2012-12-21,"matt smith"
"587","21 December 2012 (2012-12-21)","9","170",2012-12-21,"jennifer saunders"
"588","21 December 2012 (2012-12-21)","9","170",2012-12-21,"billy connolly"
"589","21 December 2012 (2012-12-21)","9","170",2012-12-21,"amy macdonald"
"590","31 December 2012 (2012-12-31)","10","171",2012-12-31,"tom cruise"
"591","31 December 2012 (2012-12-31)","10","171",2012-12-31,"rosamund pike"
"592","31 December 2012 (2012-12-31)","10","171",2012-12-31,"hugh jackman"
"593","31 December 2012 (2012-12-31)","10","171",2012-12-31,"billy crystal"
"594","31 December 2012 (2012-12-31)","10","171",2012-12-31,"mary berry"
"595","31 December 2012 (2012-12-31)","10","171",2012-12-31,"paul hollywood"
"596","31 December 2012 (2012-12-31)","10","171",2012-12-31,"john bishop"
"597","31 December 2012 (2012-12-31)","10","171",2012-12-31,"pink"
"598","4 January 2013 (2013-01-04)","11","172",2013-01-04,"josh groban"
"599","4 January 2013 (2013-01-04)","11","172",2013-01-04,"billie piper"
"600","4 January 2013 (2013-01-04)","11","172",2013-01-04,"frank skinner"
"601","4 January 2013 (2013-01-04)","11","172",2013-01-04,"example"
"602","11 January 2013 (2013-01-11)","12","173",2013-01-11,"quentin tarantino"
"603","11 January 2013 (2013-01-11)","12","173",2013-01-11,"james mcavoy"
"604","11 January 2013 (2013-01-11)","12","173",2013-01-11,"alan davies"
"605","11 January 2013 (2013-01-11)","12","173",2013-01-11,"emeli sandé"
"606","18 January 2013 (2013-01-18)","13","174",2013-01-18,"denzel washington"
"607","18 January 2013 (2013-01-18)","13","174",2013-01-18,"nicholas hoult"
"608","18 January 2013 (2013-01-18)","13","174",2013-01-18,"bill bailey"
"609","18 January 2013 (2013-01-18)","13","174",2013-01-18,"conor maynard"
"610","25 January 2013 (2013-01-25)","14","175",2013-01-25,"minnie driver"
"611","25 January 2013 (2013-01-25)","14","175",2013-01-25,"clare balding"
"612","25 January 2013 (2013-01-25)","14","175",2013-01-25,"stephen merchant"
"613","25 January 2013 (2013-01-25)","14","175",2013-01-25,"the script"
"614","1 February 2013 (2013-02-01)","15","176",2013-02-01,"dame helen mirren"
"615","1 February 2013 (2013-02-01)","15","176",2013-02-01,"paul rudd"
"616","1 February 2013 (2013-02-01)","15","176",2013-02-01,"leslie mann"
"617","1 February 2013 (2013-02-01)","15","176",2013-02-01,"little mix"
"618","8 February 2013 (2013-02-08)","16","177",2013-02-08,"mark wahlberg"
"619","8 February 2013 (2013-02-08)","16","177",2013-02-08,"michael fassbender"
"620","8 February 2013 (2013-02-08)","16","177",2013-02-08,"sarah silverman"
"621","8 February 2013 (2013-02-08)","16","177",2013-02-08,"laura mvula"
"622","15 February 2013 (2013-02-15)","17","178",2013-02-15,"jeremy renner"
"623","15 February 2013 (2013-02-15)","17","178",2013-02-15,"gemma arterton"
"624","15 February 2013 (2013-02-15)","17","178",2013-02-15,"delia smith"
"625","15 February 2013 (2013-02-15)","17","178",2013-02-15,"matt lucas"
"626","15 February 2013 (2013-02-15)","17","178",2013-02-15,"rita ora"
"627","22 February 2013 (2013-02-22)","18","179",2013-02-22,"richard gere"
"628","22 February 2013 (2013-02-22)","18","179",2013-02-22,"john malkovich"
"629","22 February 2013 (2013-02-22)","18","179",2013-02-22,"saoirse ronan"
"630","22 February 2013 (2013-02-22)","18","179",2013-02-22,"taylor swift"
"631","1 March 2013 (2013-03-01)","19","180",2013-03-01,"mila kunis"
"632","1 March 2013 (2013-03-01)","19","180",2013-03-01,"jude law"
"633","1 March 2013 (2013-03-01)","19","180",2013-03-01,"dame judi dench"
"634","1 March 2013 (2013-03-01)","19","180",2013-03-01,"olly murs"
"635","5 April 2013 (2013-04-05)","1","182",2013-04-05,"tom cruise"
"636","5 April 2013 (2013-04-05)","1","182",2013-04-05,"olga kurylenko"
"637","5 April 2013 (2013-04-05)","1","182",2013-04-05,"gerard butler"
"638","5 April 2013 (2013-04-05)","1","182",2013-04-05,"paramore"
"639","12 April 2013 (2013-04-12)","2","183",2013-04-12,"amanda holden"
"640","12 April 2013 (2013-04-12)","2","183",2013-04-12,"jack dee"
"641","12 April 2013 (2013-04-12)","2","183",2013-04-12,"michael bublé"
"642","19 April 2013 (2013-04-19)","3","184",2013-04-19,"gwyneth paltrow"
"643","19 April 2013 (2013-04-19)","3","184",2013-04-19,"sir mo farah"
"644","19 April 2013 (2013-04-19)","3","184",2013-04-19,"lee mack"
"645","19 April 2013 (2013-04-19)","3","184",2013-04-19,"hurts"
"646","26 April 2013 (2013-04-26)","4","185",2013-04-26,"lewis hamilton"
"647","26 April 2013 (2013-04-26)","4","185",2013-04-26,"pedro almodóvar"
"648","26 April 2013 (2013-04-26)","4","185",2013-04-26,"dara ó briain"
"649","26 April 2013 (2013-04-26)","4","185",2013-04-26,"alison moyet"
"650","3 May 2013 (2013-05-03)","5","186",2013-05-03,"chris pine"
"651","3 May 2013 (2013-05-03)","5","186",2013-05-03,"benedict cumberbatch"
"652","3 May 2013 (2013-05-03)","5","186",2013-05-03,"kim cattrall"
"653","3 May 2013 (2013-05-03)","5","186",2013-05-03,"bonnie tyler"
"654","10 May 2013 (2013-05-10)","6","187",2013-05-10,"alan sugar"
"655","10 May 2013 (2013-05-10)","6","187",2013-05-10,"olivia colman"
"656","10 May 2013 (2013-05-10)","6","187",2013-05-10,"hugh laurie"
"657","17 May 2013 (2013-05-17)","7","188",2013-05-17,"daniel radcliffe"
"658","17 May 2013 (2013-05-17)","7","188",2013-05-17,"baz luhrmann"
"659","17 May 2013 (2013-05-17)","7","188",2013-05-17,"isla fisher"
"660","17 May 2013 (2013-05-17)","7","188",2013-05-17,"ed byrne"
"661","17 May 2013 (2013-05-17)","7","188",2013-05-17,"wretch 32"
"662","24 May 2013 (2013-05-24)","8","189",2013-05-24,"will smith"
"663","24 May 2013 (2013-05-24)","8","189",2013-05-24,"jaden smith"
"664","24 May 2013 (2013-05-24)","8","189",2013-05-24,"michael douglas"
"665","24 May 2013 (2013-05-24)","8","189",2013-05-24,"bradley cooper"
"666","24 May 2013 (2013-05-24)","8","189",2013-05-24,"heather graham"
"667","24 May 2013 (2013-05-24)","8","189",2013-05-24,"selena gomez"
"668","31 May 2013 (2013-05-31)","9","190",2013-05-31,"jennifer lopez"
"669","31 May 2013 (2013-05-31)","9","190",2013-05-31,"freddie flintoff"
"670","31 May 2013 (2013-05-31)","9","190",2013-05-31,"david mitchell"
"671","31 May 2013 (2013-05-31)","9","190",2013-05-31,"declan bennett"
"672","31 May 2013 (2013-05-31)","9","190",2013-05-31,"zrinka cvitesic"
"673","7 June 2013 (2013-06-07)","10","191",2013-06-07,"hayden panettiere"
"674","7 June 2013 (2013-06-07)","10","191",2013-06-07,"dan stevens"
"675","7 June 2013 (2013-06-07)","10","191",2013-06-07,"micky flanagan"
"676","7 June 2013 (2013-06-07)","10","191",2013-06-07,"robin thicke feat. pharrell williams"
"677","14 June 2013 (2013-06-14)","11","192",2013-06-14,"russell crowe"
"678","14 June 2013 (2013-06-14)","11","192",2013-06-14,"amy adams"
"679","14 June 2013 (2013-06-14)","11","192",2013-06-14,"henry cavill"
"680","14 June 2013 (2013-06-14)","11","192",2013-06-14,"katy b"
"681","21 June 2013 (2013-06-21)","12","193",2013-06-21,"steve carell"
"682","21 June 2013 (2013-06-21)","12","193",2013-06-21,"kristen wiig"
"683","21 June 2013 (2013-06-21)","12","193",2013-06-21,"chris o'dowd"
"684","21 June 2013 (2013-06-21)","12","193",2013-06-21,"josh groban"
"685","28 June 2013 (2013-06-28)","13","194",2013-06-28,"sandra bullock"
"686","28 June 2013 (2013-06-28)","13","194",2013-06-28,"samuel l. jackson"
"687","28 June 2013 (2013-06-28)","13","194",2013-06-28,"nick frost"
"688","28 June 2013 (2013-06-28)","13","194",2013-06-28,"jake bugg"
"689","11 October 2013 (2013-10-11)","1","196",2013-10-11,"harrison ford"
"690","11 October 2013 (2013-10-11)","1","196",2013-10-11,"benedict cumberbatch"
"691","11 October 2013 (2013-10-11)","1","196",2013-10-11,"jack whitehall"
"692","11 October 2013 (2013-10-11)","1","196",2013-10-11,"james blunt"
"693","18 October 2013 (2013-10-18)","2","197",2013-10-18,"chris hemsworth"
"694","18 October 2013 (2013-10-18)","2","197",2013-10-18,"natalie portman"
"695","18 October 2013 (2013-10-18)","2","197",2013-10-18,"katy perry"
"696","18 October 2013 (2013-10-18)","2","197",2013-10-18,"james corden"
"697","18 October 2013 (2013-10-18)","2","197",2013-10-18,"sir paul mccartney"
"698","25 October 2013 (2013-10-25)","3","198",2013-10-25,"robert de niro"
"699","25 October 2013 (2013-10-25)","3","198",2013-10-25,"michelle pfeiffer"
"700","25 October 2013 (2013-10-25)","3","198",2013-10-25,"jennifer saunders"
"701","25 October 2013 (2013-10-25)","3","198",2013-10-25,"cher"
"702","1 November 2013 (2013-11-01)","4","199",2013-11-01,"dame judi dench"
"703","1 November 2013 (2013-11-01)","4","199",2013-11-01,"jeremy paxman"
"704","1 November 2013 (2013-11-01)","4","199",2013-11-01,"john bishop"
"705","1 November 2013 (2013-11-01)","4","199",2013-11-01,"sir elton john"
"706","8 November 2013 (2013-11-08)","5","200",2013-11-08,"jude law"
"707","8 November 2013 (2013-11-08)","5","200",2013-11-08,"june brown"
"708","8 November 2013 (2013-11-08)","5","200",2013-11-08,"greg davies"
"709","8 November 2013 (2013-11-08)","5","200",2013-11-08,"lady gaga"
"710","22 November 2013 (2013-11-22)","6","201",2013-11-22,"david tennant"
"711","22 November 2013 (2013-11-22)","6","201",2013-11-22,"matt smith"
"712","22 November 2013 (2013-11-22)","6","201",2013-11-22,"emma thompson"
"713","22 November 2013 (2013-11-22)","6","201",2013-11-22,"jimmy carr"
"714","22 November 2013 (2013-11-22)","6","201",2013-11-22,"robbie williams feat. olly murs"
"715","29 November 2013 (2013-11-29)","7","202",2013-11-29,"colin farrell"
"716","29 November 2013 (2013-11-29)","7","202",2013-11-29,"sharon osbourne"
"717","29 November 2013 (2013-11-29)","7","202",2013-11-29,"jeremy clarkson"
"718","29 November 2013 (2013-11-29)","7","202",2013-11-29,"jo brand"
"719","29 November 2013 (2013-11-29)","7","202",2013-11-29,"arcade fire"
"720","6 December 2013 (2013-12-06)","8","203",2013-12-06,"daniel radcliffe"
"721","6 December 2013 (2013-12-06)","8","203",2013-12-06,"mary berry"
"722","6 December 2013 (2013-12-06)","8","203",2013-12-06,"andrew lloyd webber"
"723","6 December 2013 (2013-12-06)","8","203",2013-12-06,"harry hill"
"724","6 December 2013 (2013-12-06)","8","203",2013-12-06,"cliff richard"
"725","13 December 2013 (2013-12-13)","9","204",2013-12-13,"ben stiller"
"726","13 December 2013 (2013-12-13)","9","204",2013-12-13,"martin freeman"
"727","13 December 2013 (2013-12-13)","9","204",2013-12-13,"jamie oliver"
"728","13 December 2013 (2013-12-13)","9","204",2013-12-13,"rebecca ferguson"
"729","20 December 2013 (2013-12-20)","10","205",2013-12-20,"julie walters"
"730","20 December 2013 (2013-12-20)","10","205",2013-12-20,"len goodman"
"731","20 December 2013 (2013-12-20)","10","205",2013-12-20,"miranda hart"
"732","20 December 2013 (2013-12-20)","10","205",2013-12-20,"tinie tempah feat. labrinth"
"733","31 December 2013 (2013-12-31)","11","206",2013-12-31,"john cleese"
"734","31 December 2013 (2013-12-31)","11","206",2013-12-31,"terry jones"
"735","31 December 2013 (2013-12-31)","11","206",2013-12-31,"eric idle"
"736","31 December 2013 (2013-12-31)","11","206",2013-12-31,"michael palin"
"737","31 December 2013 (2013-12-31)","11","206",2013-12-31,"terry gilliam"
"738","31 December 2013 (2013-12-31)","11","206",2013-12-31,"will ferrell"
"739","31 December 2013 (2013-12-31)","11","206",2013-12-31,"steve carell"
"740","31 December 2013 (2013-12-31)","11","206",2013-12-31,"christina applegate"
"741","31 December 2013 (2013-12-31)","11","206",2013-12-31,"paul rudd"
"742","31 December 2013 (2013-12-31)","11","206",2013-12-31,"david koechner"
"743","31 December 2013 (2013-12-31)","11","206",2013-12-31,"dame joan collins"
"744","31 December 2013 (2013-12-31)","11","206",2013-12-31,"jackie collins"
"745","31 December 2013 (2013-12-31)","11","206",2013-12-31,"frank skinner"
"746","31 December 2013 (2013-12-31)","11","206",2013-12-31,"michael bublé"
"747","10 January 2014 (2014-01-10)","13","208",2014-01-10,"sylvester stallone"
"748","10 January 2014 (2014-01-10)","13","208",2014-01-10,"robert de niro"
"749","10 January 2014 (2014-01-10)","13","208",2014-01-10,"carey mulligan"
"750","10 January 2014 (2014-01-10)","13","208",2014-01-10,"jonah hill"
"751","10 January 2014 (2014-01-10)","13","208",2014-01-10,"jake bugg"
"752","17 January 2014 (2014-01-17)","14","209",2014-01-17,"idris elba"
"753","17 January 2014 (2014-01-17)","14","209",2014-01-17,"lena dunham"
"754","17 January 2014 (2014-01-17)","14","209",2014-01-17,"olivia colman"
"755","17 January 2014 (2014-01-17)","14","209",2014-01-17,"keane"
"756","24 January 2014 (2014-01-24)","15","210",2014-01-24,"sir kenneth branagh"
"757","24 January 2014 (2014-01-24)","15","210",2014-01-24,"keira knightley"
"758","24 January 2014 (2014-01-24)","15","210",2014-01-24,"thierry henry"
"759","24 January 2014 (2014-01-24)","15","210",2014-01-24,"lee mack"
"760","24 January 2014 (2014-01-24)","15","210",2014-01-24,"katy b"
"761","31 January 2014 (2014-01-31)","16","211",2014-01-31,"matthew mcconaughey"
"762","31 January 2014 (2014-01-31)","16","211",2014-01-31,"julianne moore"
"763","31 January 2014 (2014-01-31)","16","211",2014-01-31,"alan davies"
"764","31 January 2014 (2014-01-31)","16","211",2014-01-31,"sheryl crow"
"765","7 February 2014 (2014-02-07)","17","212",2014-02-07,"gary oldman"
"766","7 February 2014 (2014-02-07)","17","212",2014-02-07,"toni collette"
"767","7 February 2014 (2014-02-07)","17","212",2014-02-07,"nick frost"
"768","7 February 2014 (2014-02-07)","17","212",2014-02-07,"london grammar"
"769","14 February 2014 (2014-02-14)","18","213",2014-02-14,"matt damon"
"770","14 February 2014 (2014-02-14)","18","213",2014-02-14,"bill murray"
"771","14 February 2014 (2014-02-14)","18","213",2014-02-14,"hugh bonneville"
"772","14 February 2014 (2014-02-14)","18","213",2014-02-14,"paloma faith"
"773","21 February 2014 (2014-02-21)","19","214",2014-02-21,"dominic cooper"
"774","21 February 2014 (2014-02-21)","19","214",2014-02-21,"miriam margolyes"
"775","21 February 2014 (2014-02-21)","19","214",2014-02-21,"lily allen"
"776","28 February 2014 (2014-02-28)","20","215",2014-02-28,"ant & dec"
"777","28 February 2014 (2014-02-28)","20","215",2014-02-28,"jamie dornan"
"778","28 February 2014 (2014-02-28)","20","215",2014-02-28,"aaron paul"
"779","28 February 2014 (2014-02-28)","20","215",2014-02-28,"naomi campbell"
"780","28 February 2014 (2014-02-28)","20","215",2014-02-28,"ellie goulding"
"781","4 April 2014 (2014-04-04)","1","216",2014-04-04,"russell crowe"
"782","4 April 2014 (2014-04-04)","1","216",2014-04-04,"cameron diaz"
"783","4 April 2014 (2014-04-04)","1","216",2014-04-04,"richard ayoade"
"784","4 April 2014 (2014-04-04)","1","216",2014-04-04,"kylie minogue"
"785","11 April 2014 (2014-04-11)","2","217",2014-04-11,"andrew garfield"
"786","11 April 2014 (2014-04-11)","2","217",2014-04-11,"emma stone"
"787","11 April 2014 (2014-04-11)","2","217",2014-04-11,"jamie foxx"
"788","11 April 2014 (2014-04-11)","2","217",2014-04-11,"paolo nutini"
"789","18 April 2014 (2014-04-18)","3","218",2014-04-18,"juliette binoche"
"790","18 April 2014 (2014-04-18)","3","218",2014-04-18,"ronnie corbett"
"791","18 April 2014 (2014-04-18)","3","218",2014-04-18,"ricky gervais"
"792","18 April 2014 (2014-04-18)","3","218",2014-04-18,"imelda may"
"793","25 April 2014 (2014-04-25)","4","219",2014-04-25,"matt leblanc"
"794","25 April 2014 (2014-04-25)","4","219",2014-04-25,"seth rogen"
"795","25 April 2014 (2014-04-25)","4","219",2014-04-25,"zac efron"
"796","25 April 2014 (2014-04-25)","4","219",2014-04-25,"kaiser chiefs"
"797","2 May 2014 (2014-05-02)","5","220",2014-05-02,"hugh jackman"
"798","2 May 2014 (2014-05-02)","5","220",2014-05-02,"michael fassbender"
"799","2 May 2014 (2014-05-02)","5","220",2014-05-02,"james mcavoy"
"800","2 May 2014 (2014-05-02)","5","220",2014-05-02,"molly smitten-downes"
"801","9 May 2014 (2014-05-09)","6","221",2014-05-09,"brenda blethyn"
"802","9 May 2014 (2014-05-09)","6","221",2014-05-09,"jean paul gaultier"
"803","9 May 2014 (2014-05-09)","6","221",2014-05-09,"stephen mangan"
"804","9 May 2014 (2014-05-09)","6","221",2014-05-09,"barry manilow"
"805","16 May 2014 (2014-05-16)","7","222",2014-05-16,"kirsten dunst"
"806","16 May 2014 (2014-05-16)","7","222",2014-05-16,"dawn french"
"807","16 May 2014 (2014-05-16)","7","222",2014-05-16,"bear grylls"
"808","16 May 2014 (2014-05-16)","7","222",2014-05-16,"conchita wurst"
"809","16 May 2014 (2014-05-16)","7","222",2014-05-16,"sam smith"
"810","23 May 2014 (2014-05-23)","8","223",2014-05-23,"dame julie andrews"
"811","23 May 2014 (2014-05-23)","8","223",2014-05-23,"jonah hill"
"812","23 May 2014 (2014-05-23)","8","223",2014-05-23,"channing tatum"
"813","23 May 2014 (2014-05-23)","8","223",2014-05-23,"pharrell williams"
"814","30 May 2014 (2014-05-30)","9","224",2014-05-30,"tom cruise"
"815","30 May 2014 (2014-05-30)","9","224",2014-05-30,"emily blunt"
"816","30 May 2014 (2014-05-30)","9","224",2014-05-30,"charlize theron"
"817","30 May 2014 (2014-05-30)","9","224",2014-05-30,"seth macfarlane"
"818","30 May 2014 (2014-05-30)","9","224",2014-05-30,"coldplay"
"819","6 June 2014 (2014-06-06)","10","225",2014-06-06,"mark ruffalo"
"820","6 June 2014 (2014-06-06)","10","225",2014-06-06,"amanda holden"
"821","6 June 2014 (2014-06-06)","10","225",2014-06-06,"michael sheen"
"822","6 June 2014 (2014-06-06)","10","225",2014-06-06,"ed sheeran"
"823","13 June 2014 (2014-06-13)","11","226",2014-06-13,"samuel l. jackson"
"824","13 June 2014 (2014-06-13)","11","226",2014-06-13,"keira knightley"
"825","13 June 2014 (2014-06-13)","11","226",2014-06-13,"jenson button[fn 1]"
"826","13 June 2014 (2014-06-13)","11","226",2014-06-13,"kasabian"
"827","20 June 2014 (2014-06-20)","12","227",2014-06-20,"cheryl cole"
"828","20 June 2014 (2014-06-20)","12","227",2014-06-20,"don johnson"
"829","20 June 2014 (2014-06-20)","12","227",2014-06-20,"john bishop"
"830","20 June 2014 (2014-06-20)","12","227",2014-06-20,"brendan o'carroll"
"831","20 June 2014 (2014-06-20)","12","227",2014-06-20,"chrissie hynde"
"832","26 September 2014 (2014-09-26)","1","229",2014-09-26,"denzel washington"
"833","26 September 2014 (2014-09-26)","1","229",2014-09-26,"gemma arterton"
"834","26 September 2014 (2014-09-26)","1","229",2014-09-26,"peter capaldi"
"835","26 September 2014 (2014-09-26)","1","229",2014-09-26,"george ezra"
"836","3 October 2014 (2014-10-03)","2","230",2014-10-03,"hugh grant"
"837","3 October 2014 (2014-10-03)","2","230",2014-10-03,"emma thompson"
"838","3 October 2014 (2014-10-03)","2","230",2014-10-03,"luke evans"
"839","3 October 2014 (2014-10-03)","2","230",2014-10-03,"lenny kravitz"
"840","10 October 2014 (2014-10-10)","3","231",2014-10-10,"john cleese"
"841","10 October 2014 (2014-10-10)","3","231",2014-10-10,"taylor swift"
"842","10 October 2014 (2014-10-10)","3","231",2014-10-10,"kevin pietersen"
"843","10 October 2014 (2014-10-10)","3","231",2014-10-10,"neil diamond"
"844","17 October 2014 (2014-10-17)","4","232",2014-10-17,"robert duvall"
"845","17 October 2014 (2014-10-17)","4","232",2014-10-17,"robert downey jr"
"846","17 October 2014 (2014-10-17)","4","232",2014-10-17,"stephen fry"
"847","17 October 2014 (2014-10-17)","4","232",2014-10-17,"u2"
"848","24 October 2014 (2014-10-24)","5","233",2014-10-24,"benedict cumberbatch"
"849","24 October 2014 (2014-10-24)","5","233",2014-10-24,"miranda hart"
"850","24 October 2014 (2014-10-24)","5","233",2014-10-24,"timothy spall"
"851","24 October 2014 (2014-10-24)","5","233",2014-10-24,"maroon 5"
"852","31 October 2014 (2014-10-31)","6","234",2014-10-31,"matthew mcconaughey"
"853","31 October 2014 (2014-10-31)","6","234",2014-10-31,"anne hathaway"
"854","31 October 2014 (2014-10-31)","6","234",2014-10-31,"lena dunham"
"855","31 October 2014 (2014-10-31)","6","234",2014-10-31,"micky flanagan"
"856","31 October 2014 (2014-10-31)","6","234",2014-10-31,"sia"
"857","7 November 2014 (2014-11-07)","7","235",2014-11-07,"dame shirley bassey"
"858","7 November 2014 (2014-11-07)","7","235",2014-11-07,"david walliams"
"859","7 November 2014 (2014-11-07)","7","235",2014-11-07,"catherine tate"
"860","7 November 2014 (2014-11-07)","7","235",2014-11-07,"richard ayoade"
"861","7 November 2014 (2014-11-07)","7","235",2014-11-07,"annie lennox"
"862","21 November 2014 (2014-11-21)","8","236",2014-11-21,"jennifer aniston"
"863","21 November 2014 (2014-11-21)","8","236",2014-11-21,"jason bateman"
"864","21 November 2014 (2014-11-21)","8","236",2014-11-21,"dame judi dench"
"865","21 November 2014 (2014-11-21)","8","236",2014-11-21,"dustin hoffman"
"866","21 November 2014 (2014-11-21)","8","236",2014-11-21,"olly murs"
"867","28 November 2014 (2014-11-28)","9","237",2014-11-28,"nicole kidman"
"868","28 November 2014 (2014-11-28)","9","237",2014-11-28,"julie walters"
"869","28 November 2014 (2014-11-28)","9","237",2014-11-28,"hugh bonneville"
"870","28 November 2014 (2014-11-28)","9","237",2014-11-28,"take that"
"871","5 December 2014 (2014-12-05)","10","238",2014-12-05,"michael keaton"
"872","5 December 2014 (2014-12-05)","10","238",2014-12-05,"victoria wood"
"873","5 December 2014 (2014-12-05)","10","238",2014-12-05,"jamie oliver"
"874","5 December 2014 (2014-12-05)","10","238",2014-12-05,"sir ian mckellen"
"875","5 December 2014 (2014-12-05)","10","238",2014-12-05,"one direction"
"876","12 December 2014 (2014-12-12)","11","239",2014-12-12,"jeff daniels"
"877","12 December 2014 (2014-12-12)","11","239",2014-12-12,"jim carrey"
"878","12 December 2014 (2014-12-12)","11","239",2014-12-12,"jude law"
"879","12 December 2014 (2014-12-12)","11","239",2014-12-12,"tamsin greig"
"880","12 December 2014 (2014-12-12)","11","239",2014-12-12,"nicole scherzinger"
"881","19 December 2014 (2014-12-19)","12","240",2014-12-19,"ben stiller"
"882","19 December 2014 (2014-12-19)","12","240",2014-12-19,"ricky gervais"
"883","19 December 2014 (2014-12-19)","12","240",2014-12-19,"rebel wilson"
"884","19 December 2014 (2014-12-19)","12","240",2014-12-19,"danny dyer"
"885","19 December 2014 (2014-12-19)","12","240",2014-12-19,"jamie foxx"
"886","19 December 2014 (2014-12-19)","12","240",2014-12-19,"cameron diaz"
"887","19 December 2014 (2014-12-19)","12","240",2014-12-19,"usher"
"888","31 December 2014 (2014-12-31)","13","241",2014-12-31,"liam neeson"
"889","31 December 2014 (2014-12-31)","13","241",2014-12-31,"anna kendrick"
"890","31 December 2014 (2014-12-31)","13","241",2014-12-31,"eddie redmayne"
"891","31 December 2014 (2014-12-31)","13","241",2014-12-31,"sir bradley wiggins"
"892","31 December 2014 (2014-12-31)","13","241",2014-12-31,"conchita wurst"
"893","9 January 2015 (2015-01-09)","14","242",2015-01-09,"meryl streep"
"894","9 January 2015 (2015-01-09)","14","242",2015-01-09,"mark ruffalo"
"895","9 January 2015 (2015-01-09)","14","242",2015-01-09,"james mcavoy"
"896","9 January 2015 (2015-01-09)","14","242",2015-01-09,"hozier"
"897","16 January 2015 (2015-01-16)","15","243",2015-01-16,"david tennant"
"898","16 January 2015 (2015-01-16)","15","243",2015-01-16,"olivia colman"
"899","16 January 2015 (2015-01-16)","15","243",2015-01-16,"harvey weinstein"
"900","16 January 2015 (2015-01-16)","15","243",2015-01-16,"jessie j"
"901","23 January 2015 (2015-01-23)","16","244",2015-01-23,"david attenborough"
"902","23 January 2015 (2015-01-23)","16","244",2015-01-23,"jessica chastain"
"903","23 January 2015 (2015-01-23)","16","244",2015-01-23,"gary lineker"
"904","23 January 2015 (2015-01-23)","16","244",2015-01-23,"harry hill"
"905","23 January 2015 (2015-01-23)","16","244",2015-01-23,"mcbusted"
"906","30 January 2015 (2015-01-30)","17","245",2015-01-30,"dame judi dench"
"907","30 January 2015 (2015-01-30)","17","245",2015-01-30,"dev patel"
"908","30 January 2015 (2015-01-30)","17","245",2015-01-30,"sharon horgan"
"909","30 January 2015 (2015-01-30)","17","245",2015-01-30,"rob delaney"
"910","30 January 2015 (2015-01-30)","17","245",2015-01-30,"jack o'connell"
"911","30 January 2015 (2015-01-30)","17","245",2015-01-30,"first aid kit"
"912","6 February 2015 (2015-02-06)","18","246",2015-02-06,"julianne moore"
"913","6 February 2015 (2015-02-06)","18","246",2015-02-06,"cuba gooding"
"914","6 February 2015 (2015-02-06)","18","246",2015-02-06,"jr."
"915","6 February 2015 (2015-02-06)","18","246",2015-02-06,"michael flatley"
"916","6 February 2015 (2015-02-06)","18","246",2015-02-06,"bill bailey"
"917","6 February 2015 (2015-02-06)","18","246",2015-02-06,"gregory porter"
"918","6 February 2015 (2015-02-06)","18","246",2015-02-06,"laura mvula"
"919","13 February 2015 (2015-02-13)","19","247",2015-02-13,"jamie dornan"
"920","13 February 2015 (2015-02-13)","19","247",2015-02-13,"julie walters"
"921","13 February 2015 (2015-02-13)","19","247",2015-02-13,"stephen mangan"
"922","13 February 2015 (2015-02-13)","19","247",2015-02-13,"charli xcx"
"923","13 February 2015 (2015-02-13)","19","247",2015-02-13,"rita ora"
"924","16 February 2015 (2015-02-16)","20","248",2015-02-16,"adam woodyatt"
"925","16 February 2015 (2015-02-16)","20","248",2015-02-16,"letitia dean"
"926","16 February 2015 (2015-02-16)","20","248",2015-02-16,"kellie bright"
"927","16 February 2015 (2015-02-16)","20","248",2015-02-16,"danny dyer"
"928","16 February 2015 (2015-02-16)","20","248",2015-02-16,"june brown"
"929","16 February 2015 (2015-02-16)","20","248",2015-02-16,"john altman"
"930","16 February 2015 (2015-02-16)","20","248",2015-02-16,"pam st. clement"
"931","16 February 2015 (2015-02-16)","20","248",2015-02-16,"shane richie"
"932","16 February 2015 (2015-02-16)","20","248",2015-02-16,"jessie wallace[fn 2]"
"933","20 February 2015 (2015-02-20)","21","249",2015-02-20,"sean penn"
"934","20 February 2015 (2015-02-20)","21","249",2015-02-20,"celia imrie"
"935","20 February 2015 (2015-02-20)","21","249",2015-02-20,"ross noble"
"936","20 February 2015 (2015-02-20)","21","249",2015-02-20,"kelly clarkson"
"937","27 February 2015 (2015-02-27)","22","250",2015-02-27,"will smith"
"938","27 February 2015 (2015-02-27)","22","250",2015-02-27,"margot robbie"
"939","27 February 2015 (2015-02-27)","22","250",2015-02-27,"hugh jackman"
"940","27 February 2015 (2015-02-27)","22","250",2015-02-27,"david beckham"
"941","27 February 2015 (2015-02-27)","22","250",2015-02-27,"noel gallagher"
"942","6 March 2015 (2015-03-06)","23","251",2015-03-06,"jennifer saunders"
"943","6 March 2015 (2015-03-06)","23","251",2015-03-06,"david walliams"
"944","6 March 2015 (2015-03-06)","23","251",2015-03-06,"cheryl fernandez-versini"
"945","6 March 2015 (2015-03-06)","23","251",2015-03-06,"jack dee"
"946","6 March 2015 (2015-03-06)","23","251",2015-03-06,"johnny vegas[fn 3]"
"947","10 April 2015 (2015-04-10)","1","253",2015-04-10,"stanley tucci"
"948","10 April 2015 (2015-04-10)","1","253",2015-04-10,"kim cattrall"
"949","10 April 2015 (2015-04-10)","1","253",2015-04-10,"harry enfield"
"950","10 April 2015 (2015-04-10)","1","253",2015-04-10,"paul whitehouse"
"951","10 April 2015 (2015-04-10)","1","253",2015-04-10,"years & years"
"952","17 April 2015 (2015-04-17)","2","254",2015-04-17,"carey mulligan"
"953","17 April 2015 (2015-04-17)","2","254",2015-04-17,"noomi rapace"
"954","17 April 2015 (2015-04-17)","2","254",2015-04-17,"amanda holden"
"955","17 April 2015 (2015-04-17)","2","254",2015-04-17,"jessie ware"
"956","24 April 2015 (2015-04-24)","3","255",2015-04-24,"mark ruffalo"
"957","24 April 2015 (2015-04-24)","3","255",2015-04-24,"elizabeth olsen"
"958","24 April 2015 (2015-04-24)","3","255",2015-04-24,"jeremy renner"
"959","24 April 2015 (2015-04-24)","3","255",2015-04-24,"josh widdicombe"
"960","24 April 2015 (2015-04-24)","3","255",2015-04-24,"blur"
"961","1 May 2015 (2015-05-01)","4","256",2015-05-01,"matt leblanc"
"962","1 May 2015 (2015-05-01)","4","256",2015-05-01,"rebel wilson"
"963","1 May 2015 (2015-05-01)","4","256",2015-05-01,"kit harington"
"964","1 May 2015 (2015-05-01)","4","256",2015-05-01,"mumford & sons"
"965","8 May 2015 (2015-05-08)","5","257",2015-05-08,"rupert everett"
"966","8 May 2015 (2015-05-08)","5","257",2015-05-08,"miranda hart"
"967","8 May 2015 (2015-05-08)","5","257",2015-05-08,"greg davies"
"968","8 May 2015 (2015-05-08)","5","257",2015-05-08,"electro velvet"
"969","15 May 2015 (2015-05-15)","6","258",2015-05-15,"kylie minogue"
"970","15 May 2015 (2015-05-15)","6","258",2015-05-15,"simon pegg"
"971","15 May 2015 (2015-05-15)","6","258",2015-05-15,"michael mcintyre"
"972","15 May 2015 (2015-05-15)","6","258",2015-05-15,"brandon flowers"
"973","22 May 2015 (2015-05-22)","7","259",2015-05-22,"george clooney"
"974","22 May 2015 (2015-05-22)","7","259",2015-05-22,"britt robertson"
"975","22 May 2015 (2015-05-22)","7","259",2015-05-22,"hugh laurie"
"976","22 May 2015 (2015-05-22)","7","259",2015-05-22,"dwayne johnson"
"977","22 May 2015 (2015-05-22)","7","259",2015-05-22,"jessica hynes"
"978","22 May 2015 (2015-05-22)","7","259",2015-05-22,"snoop dogg"
"979","29 May 2015 (2015-05-29)","8","260",2015-05-29,"chris pratt"
"980","29 May 2015 (2015-05-29)","8","260",2015-05-29,"melissa mccarthy"
"981","29 May 2015 (2015-05-29)","8","260",2015-05-29,"jude law"
"982","29 May 2015 (2015-05-29)","8","260",2015-05-29,"john bishop"
"983","29 May 2015 (2015-05-29)","8","260",2015-05-29,"florence"
"984","29 May 2015 (2015-05-29)","8","260",2015-05-29,"the machine"
"985","5 June 2015 (2015-06-05)","9","261",2015-06-05,"samuel l. jackson"
"986","5 June 2015 (2015-06-05)","9","261",2015-06-05,"amy schumer"
"987","5 June 2015 (2015-06-05)","9","261",2015-06-05,"stephen merchant"
"988","5 June 2015 (2015-06-05)","9","261",2015-06-05,"muse"
"989","12 June 2015 (2015-06-12)","10","262",2015-06-12,"mark wahlberg"
"990","12 June 2015 (2015-06-12)","10","262",2015-06-12,"seth macfarlane"
"991","12 June 2015 (2015-06-12)","10","262",2015-06-12,"dara ó briain"
"992","12 June 2015 (2015-06-12)","10","262",2015-06-12,"cyndi lauper"
"993","19 June 2015 (2015-06-19)","11","263",2015-06-19,"arnold schwarzenegger"
"994","19 June 2015 (2015-06-19)","11","263",2015-06-19,"emilia clarke"
"995","19 June 2015 (2015-06-19)","11","263",2015-06-19,"jake gyllenhaal"
"996","19 June 2015 (2015-06-19)","11","263",2015-06-19,"cara delevingne"
"997","19 June 2015 (2015-06-19)","11","263",2015-06-19,"tinie tempah"
"998","26 June 2015 (2015-06-26)","12","264",2015-06-26,"lewis hamilton"
"999","26 June 2015 (2015-06-26)","12","264",2015-06-26,"ewan mcgregor"
"1000","26 June 2015 (2015-06-26)","12","264",2015-06-26,"jack whitehall"
"1001","26 June 2015 (2015-06-26)","12","264",2015-06-26,"rita ora"
"1002","25 September 2015 (2015-09-25)","1","266",2015-09-25,"matt damon"
"1003","25 September 2015 (2015-09-25)","1","266",2015-09-25,"jessica chastain"
"1004","25 September 2015 (2015-09-25)","1","266",2015-09-25,"bill bailey"
"1005","25 September 2015 (2015-09-25)","1","266",2015-09-25,"the weeknd"
"1006","2 October 2015 (2015-10-02)","2","267",2015-10-02,"robert de niro"
"1007","2 October 2015 (2015-10-02)","2","267",2015-10-02,"anne hathaway"
"1008","2 October 2015 (2015-10-02)","2","267",2015-10-02,"sir kenneth branagh"
"1009","2 October 2015 (2015-10-02)","2","267",2015-10-02,"tom hiddleston"
"1010","2 October 2015 (2015-10-02)","2","267",2015-10-02,"the shires"
"1011","9 October 2015 (2015-10-09)","3","268",2015-10-09,"meryl streep"
"1012","9 October 2015 (2015-10-09)","3","268",2015-10-09,"carey mulligan"
"1013","9 October 2015 (2015-10-09)","3","268",2015-10-09,"nicole kidman"
"1014","9 October 2015 (2015-10-09)","3","268",2015-10-09,"nigella lawson"
"1015","9 October 2015 (2015-10-09)","3","268",2015-10-09,"gabrielle aplin"
"1016","16 October 2015 (2015-10-16)","4","269",2015-10-16,"colin farrell"
"1017","16 October 2015 (2015-10-16)","4","269",2015-10-16,"rachel weisz"
"1018","16 October 2015 (2015-10-16)","4","269",2015-10-16,"dawn french"
"1019","16 October 2015 (2015-10-16)","4","269",2015-10-16,"chris o'dowd"
"1020","16 October 2015 (2015-10-16)","4","269",2015-10-16,"rod stewart"
"1021","23 October 2015 (2015-10-23)","5","270",2015-10-23,"daniel craig"
"1022","23 October 2015 (2015-10-23)","5","270",2015-10-23,"naomie harris"
"1023","23 October 2015 (2015-10-23)","5","270",2015-10-23,"christoph waltz"
"1024","23 October 2015 (2015-10-23)","5","270",2015-10-23,"sam smith"
"1025","30 October 2015 (2015-10-30)","6","271",2015-10-30,"dame maggie smith"
"1026","30 October 2015 (2015-10-30)","6","271",2015-10-30,"alex jennings"
"1027","30 October 2015 (2015-10-30)","6","271",2015-10-30,"bradley cooper"
"1028","30 October 2015 (2015-10-30)","6","271",2015-10-30,"sienna miller"
"1029","30 October 2015 (2015-10-30)","6","271",2015-10-30,"justin bieber"
"1030","6 November 2015 (2015-11-06)","7","272",2015-11-06,"kate winslet"
"1031","6 November 2015 (2015-11-06)","7","272",2015-11-06,"michael fassbender"
"1032","6 November 2015 (2015-11-06)","7","272",2015-11-06,"julie walters"
"1033","6 November 2015 (2015-11-06)","7","272",2015-11-06,"50 cent"
"1034","6 November 2015 (2015-11-06)","7","272",2015-11-06,"ellie goulding"
"1035","20 November 2015 (2015-11-20)","8","273",2015-11-20,"tom hanks"
"1036","20 November 2015 (2015-11-20)","8","273",2015-11-20,"peter capaldi"
"1037","20 November 2015 (2015-11-20)","8","273",2015-11-20,"david walliams"
"1038","20 November 2015 (2015-11-20)","8","273",2015-11-20,"duran duran"
"1039","27 November 2015 (2015-11-27)","9","274",2015-11-27,"johnny depp"
"1040","27 November 2015 (2015-11-27)","9","274",2015-11-27,"benedict cumberbatch"
"1041","27 November 2015 (2015-11-27)","9","274",2015-11-27,"james mcavoy"
"1042","27 November 2015 (2015-11-27)","9","274",2015-11-27,"daniel radcliffe"
"1043","27 November 2015 (2015-11-27)","9","274",2015-11-27,"the corrs"
"1044","4 December 2015 (2015-12-04)","10","275",2015-12-04,"lily tomlin"
"1045","4 December 2015 (2015-12-04)","10","275",2015-12-04,"chris hemsworth"
"1046","4 December 2015 (2015-12-04)","10","275",2015-12-04,"ron howard"
"1047","4 December 2015 (2015-12-04)","10","275",2015-12-04,"kevin bridges"
"1048","4 December 2015 (2015-12-04)","10","275",2015-12-04,"blake"
"1049","4 December 2015 (2015-12-04)","10","275",2015-12-04,"dame shirley bassey"
"1050","11 December 2015 (2015-12-11)","11","276",2015-12-11,"kurt russell"
"1051","11 December 2015 (2015-12-11)","11","276",2015-12-11,"tina fey"
"1052","11 December 2015 (2015-12-11)","11","276",2015-12-11,"josh widdicombe"
"1053","11 December 2015 (2015-12-11)","11","276",2015-12-11,"sia"
"1054","18 December 2015 (2015-12-18)","12","277",2015-12-18,"carrie fisher"
"1055","18 December 2015 (2015-12-18)","12","277",2015-12-18,"daisy ridley"
"1056","18 December 2015 (2015-12-18)","12","277",2015-12-18,"john boyega"
"1057","18 December 2015 (2015-12-18)","12","277",2015-12-18,"david beckham"
"1058","18 December 2015 (2015-12-18)","12","277",2015-12-18,"kylie minogue"
"1059","31 December 2015 (2015-12-31)","13","278",2015-12-31,"jennifer lawrence"
"1060","31 December 2015 (2015-12-31)","13","278",2015-12-31,"eddie redmayne"
"1061","31 December 2015 (2015-12-31)","13","278",2015-12-31,"will ferrell"
"1062","31 December 2015 (2015-12-31)","13","278",2015-12-31,"mark wahlberg"
"1063","31 December 2015 (2015-12-31)","13","278",2015-12-31,"years & years"
"1064","8 January 2016 (2016-01-08)","14","279",2016-01-08,"ralph fiennes"
"1065","8 January 2016 (2016-01-08)","14","279",2016-01-08,"tracey ullman"
"1066","8 January 2016 (2016-01-08)","14","279",2016-01-08,"james nesbitt"
"1067","8 January 2016 (2016-01-08)","14","279",2016-01-08,"james bay"
"1068","15 January 2016 (2016-01-15)","15","280",2016-01-15,"matthew perry"
"1069","15 January 2016 (2016-01-15)","15","280",2016-01-15,"miriam margolyes"
"1070","15 January 2016 (2016-01-15)","15","280",2016-01-15,"gemma arterton"
"1071","15 January 2016 (2016-01-15)","15","280",2016-01-15,"jack savoretti"
"1072","22 January 2016 (2016-01-22)","16","281",2016-01-22,"ice cube"
"1073","22 January 2016 (2016-01-22)","16","281",2016-01-22,"kevin hart"
"1074","22 January 2016 (2016-01-22)","16","281",2016-01-22,"olivia colman"
"1075","22 January 2016 (2016-01-22)","16","281",2016-01-22,"hugh laurie"
"1076","22 January 2016 (2016-01-22)","16","281",2016-01-22,"sir david attenborough"
"1077","22 January 2016 (2016-01-22)","16","281",2016-01-22,"elle king"
"1078","29 January 2016 (2016-01-29)","17","282",2016-01-29,"will smith"
"1079","29 January 2016 (2016-01-29)","17","282",2016-01-29,"ryan reynolds"
"1080","29 January 2016 (2016-01-29)","17","282",2016-01-29,"catherine zeta-jones"
"1081","29 January 2016 (2016-01-29)","17","282",2016-01-29,"toby jones"
"1082","29 January 2016 (2016-01-29)","17","282",2016-01-29,"laura mvula"
"1083","5 February 2016 (2016-02-05)","18","283",2016-02-05,"jack black"
"1084","5 February 2016 (2016-02-05)","18","283",2016-02-05,"ben stiller"
"1085","5 February 2016 (2016-02-05)","18","283",2016-02-05,"penélope cruz"
"1086","5 February 2016 (2016-02-05)","18","283",2016-02-05,"owen wilson"
"1087","5 February 2016 (2016-02-05)","18","283",2016-02-05,"sir elton john"
"1088","12 February 2016 (2016-02-12)","19","284",2016-02-12,"julianne moore"
"1089","12 February 2016 (2016-02-12)","19","284",2016-02-12,"ant & dec"
"1090","12 February 2016 (2016-02-12)","19","284",2016-02-12,"rebel wilson"
"1091","12 February 2016 (2016-02-12)","19","284",2016-02-12,"little mix feat. jason derulo"
"1092","25 March 2016 (2016-03-25)","1","286",2016-03-25,"ben affleck"
"1093","25 March 2016 (2016-03-25)","1","286",2016-03-25,"amy adams"
"1094","25 March 2016 (2016-03-25)","1","286",2016-03-25,"henry cavill"
"1095","25 March 2016 (2016-03-25)","1","286",2016-03-25,"pet shop boys"
"1096","1 April 2016 (2016-04-01)","2","287",2016-04-01,"chris hemsworth"
"1097","1 April 2016 (2016-04-01)","2","287",2016-04-01,"jessica chastain"
"1098","1 April 2016 (2016-04-01)","2","287",2016-04-01,"kirsten dunst"
"1099","1 April 2016 (2016-04-01)","2","287",2016-04-01,"stephen mangan"
"1100","1 April 2016 (2016-04-01)","2","287",2016-04-01,"raleigh ritchie"
"1101","8 April 2016 (2016-04-08)","3","288",2016-04-08,"dame helen mirren"
"1102","8 April 2016 (2016-04-08)","3","288",2016-04-08,"ewan mcgregor"
"1103","8 April 2016 (2016-04-08)","3","288",2016-04-08,"eric bana"
"1104","8 April 2016 (2016-04-08)","3","288",2016-04-08,"ricky gervais"
"1105","8 April 2016 (2016-04-08)","3","288",2016-04-08,"kevin costner"
"1106","8 April 2016 (2016-04-08)","3","288",2016-04-08,"meghan trainor"
"1107","15 April 2016 (2016-04-15)","4","289",2016-04-15,"meryl streep"
"1108","15 April 2016 (2016-04-15)","4","289",2016-04-15,"hugh grant"
"1109","15 April 2016 (2016-04-15)","4","289",2016-04-15,"keeley hawes"
"1110","15 April 2016 (2016-04-15)","4","289",2016-04-15,"joe"
"1111","15 April 2016 (2016-04-15)","4","289",2016-04-15,"jake"
"1112","22 April 2016 (2016-04-22)","5","290",2016-04-22,"dame joan collins"
"1113","22 April 2016 (2016-04-22)","5","290",2016-04-22,"richard madden"
"1114","22 April 2016 (2016-04-22)","5","290",2016-04-22,"lily james"
"1115","22 April 2016 (2016-04-22)","5","290",2016-04-22,"paul hollywood"
"1116","22 April 2016 (2016-04-22)","5","290",2016-04-22,"dnce"
"1117","29 April 2016 (2016-04-29)","6","291",2016-04-29,"seth rogen"
"1118","29 April 2016 (2016-04-29)","6","291",2016-04-29,"paul rudd"
"1119","29 April 2016 (2016-04-29)","6","291",2016-04-29,"martin freeman"
"1120","29 April 2016 (2016-04-29)","6","291",2016-04-29,"maxine peake"
"1121","29 April 2016 (2016-04-29)","6","291",2016-04-29,"birdy"
"1122","6 May 2016 (2016-05-06)","7","292",2016-05-06,"tom hiddleston"
"1123","6 May 2016 (2016-05-06)","7","292",2016-05-06,"samuel l. jackson"
"1124","6 May 2016 (2016-05-06)","7","292",2016-05-06,"john malkovich"
"1125","6 May 2016 (2016-05-06)","7","292",2016-05-06,"sara pascoe"
"1126","6 May 2016 (2016-05-06)","7","292",2016-05-06,"chvrches"
"1127","13 May 2016 (2016-05-13)","8","293",2016-05-13,"jennifer lawrence"
"1128","13 May 2016 (2016-05-13)","8","293",2016-05-13,"james mcavoy"
"1129","13 May 2016 (2016-05-13)","8","293",2016-05-13,"jack whitehall"
"1130","13 May 2016 (2016-05-13)","8","293",2016-05-13,"johnny depp"
"1131","13 May 2016 (2016-05-13)","8","293",2016-05-13,"will.i.am feat. pia mia"
"1132","20 May 2016 (2016-05-20)","9","294",2016-05-20,"jodie foster"
"1133","20 May 2016 (2016-05-20)","9","294",2016-05-20,"russell crowe"
"1134","20 May 2016 (2016-05-20)","9","294",2016-05-20,"ryan gosling"
"1135","20 May 2016 (2016-05-20)","9","294",2016-05-20,"greg davies"
"1136","20 May 2016 (2016-05-20)","9","294",2016-05-20,"tom daley"
"1137","20 May 2016 (2016-05-20)","9","294",2016-05-20,"bright light bright light feat. sir elton john"
"1138","27 May 2016 (2016-05-27)","10","295",2016-05-27,"matt leblanc"
"1139","27 May 2016 (2016-05-27)","10","295",2016-05-27,"emilia clarke"
"1140","27 May 2016 (2016-05-27)","10","295",2016-05-27,"kate beckinsale"
"1141","27 May 2016 (2016-05-27)","10","295",2016-05-27,"dominic cooper"
"1142","27 May 2016 (2016-05-27)","10","295",2016-05-27,"corinne bailey rae"
"1143","3 June 2016 (2016-06-03)","11","296",2016-06-03,"salma hayek"
"1144","3 June 2016 (2016-06-03)","11","296",2016-06-03,"kelsey grammer"
"1145","3 June 2016 (2016-06-03)","11","296",2016-06-03,"tamsin greig"
"1146","3 June 2016 (2016-06-03)","11","296",2016-06-03,"rhod gilbert"
"1147","3 June 2016 (2016-06-03)","11","296",2016-06-03,"alicia keys"
"1148","10 June 2016 (2016-06-10)","12","297",2016-06-10,"dwayne johnson"
"1149","10 June 2016 (2016-06-10)","12","297",2016-06-10,"liam hemsworth"
"1150","10 June 2016 (2016-06-10)","12","297",2016-06-10,"jeff goldblum"
"1151","10 June 2016 (2016-06-10)","12","297",2016-06-10,"nicola adams"
"1152","10 June 2016 (2016-06-10)","12","297",2016-06-10,"tom odell"
"1153","17 June 2016 (2016-06-17)","13","298",2016-06-17,"charlie sheen"
"1154","17 June 2016 (2016-06-17)","13","298",2016-06-17,"melissa mccarthy"
"1155","17 June 2016 (2016-06-17)","13","298",2016-06-17,"kristen wiig"
"1156","17 June 2016 (2016-06-17)","13","298",2016-06-17,"leslie jones"
"1157","17 June 2016 (2016-06-17)","13","298",2016-06-17,"kate mckinnon"
"1158","17 June 2016 (2016-06-17)","13","298",2016-06-17,"christine"
"1159","17 June 2016 (2016-06-17)","13","298",2016-06-17,"the queens"
"1160","24 June 2016 (2016-06-24)","14","299",2016-06-24,"jennifer saunders"
"1161","24 June 2016 (2016-06-24)","14","299",2016-06-24,"joanna lumley"
"1162","24 June 2016 (2016-06-24)","14","299",2016-06-24,"rebel wilson"
"1163","24 June 2016 (2016-06-24)","14","299",2016-06-24,"josh homme"
"1164","24 June 2016 (2016-06-24)","14","299",2016-06-24,"iggy pop"
"1165","30 September 2016 (2016-09-30)","1","301",2016-09-30,"justin timberlake"
"1166","30 September 2016 (2016-09-30)","1","301",2016-09-30,"anna kendrick"
"1167","30 September 2016 (2016-09-30)","1","301",2016-09-30,"daniel radcliffe"
"1168","30 September 2016 (2016-09-30)","1","301",2016-09-30,"robbie williams"
"1169","7 October 2016 (2016-10-07)","2","302",2016-10-07,"danny devito"
"1170","7 October 2016 (2016-10-07)","2","302",2016-10-07,"ewan mcgregor"
"1171","7 October 2016 (2016-10-07)","2","302",2016-10-07,"sam neill"
"1172","7 October 2016 (2016-10-07)","2","302",2016-10-07,"miranda hart"
"1173","7 October 2016 (2016-10-07)","2","302",2016-10-07,"john bishop"
"1174","7 October 2016 (2016-10-07)","2","302",2016-10-07,"amber riley"
"1175","14 October 2016 (2016-10-14)","3","303",2016-10-14,"amy adams"
"1176","14 October 2016 (2016-10-14)","3","303",2016-10-14,"jeremy renner"
"1177","14 October 2016 (2016-10-14)","3","303",2016-10-14,"chris o'dowd"
"1178","14 October 2016 (2016-10-14)","3","303",2016-10-14,"niall horan"
"1179","21 October 2016 (2016-10-21)","4","304",2016-10-21,"tom cruise"
"1180","21 October 2016 (2016-10-21)","4","304",2016-10-21,"cobie smulders"
"1181","21 October 2016 (2016-10-21)","4","304",2016-10-21,"jude law"
"1182","21 October 2016 (2016-10-21)","4","304",2016-10-21,"catherine tate"
"1183","21 October 2016 (2016-10-21)","4","304",2016-10-21,"kings of leon"
"1184","28 October 2016 (2016-10-28)","5","305",2016-10-28,"benedict cumberbatch"
"1185","28 October 2016 (2016-10-28)","5","305",2016-10-28,"eddie redmayne"
"1186","28 October 2016 (2016-10-28)","5","305",2016-10-28,"bryan cranston"
"1187","28 October 2016 (2016-10-28)","5","305",2016-10-28,"leann rimes"
"1188","4 November 2016 (2016-11-04)","6","306",2016-11-04,"ben affleck"
"1189","4 November 2016 (2016-11-04)","6","306",2016-11-04,"claire foy"
"1190","4 November 2016 (2016-11-04)","6","306",2016-11-04,"matt smith"
"1191","4 November 2016 (2016-11-04)","6","306",2016-11-04,"sir david attenborough"
"1192","4 November 2016 (2016-11-04)","6","306",2016-11-04,"sting"
"1193","11 November 2016 (2016-11-11)","7","307",2016-11-11,"rosamund pike"
"1194","11 November 2016 (2016-11-11)","7","307",2016-11-11,"michael mcintyre"
"1195","11 November 2016 (2016-11-11)","7","307",2016-11-11,"andrew lloyd webber"
"1196","11 November 2016 (2016-11-11)","7","307",2016-11-11,"coldplay"
"1197","25 November 2016 (2016-11-25)","8","308",2016-11-25,"tom hanks"
"1198","25 November 2016 (2016-11-25)","8","308",2016-11-25,"gemma arterton"
"1199","25 November 2016 (2016-11-25)","8","308",2016-11-25,"joseph gordon-levitt"
"1200","25 November 2016 (2016-11-25)","8","308",2016-11-25,"mo farah"
"1201","25 November 2016 (2016-11-25)","8","308",2016-11-25,"olly murs"
"1202","2 December 2016 (2016-12-02)","9","309",2016-12-02,"jennifer lawrence"
"1203","2 December 2016 (2016-12-02)","9","309",2016-12-02,"chris pratt"
"1204","2 December 2016 (2016-12-02)","9","309",2016-12-02,"jamie oliver"
"1205","2 December 2016 (2016-12-02)","9","309",2016-12-02,"will.i.am"
"1206","2 December 2016 (2016-12-02)","9","309",2016-12-02,"emeli sandé"
"1207","9 December 2016 (2016-12-09)","10","310",2016-12-09,"carrie fisher"
"1208","9 December 2016 (2016-12-09)","10","310",2016-12-09,"grayson perry"
"1209","9 December 2016 (2016-12-09)","10","310",2016-12-09,"sandi toksvig"
"1210","9 December 2016 (2016-12-09)","10","310",2016-12-09,"nadiya hussain"
"1211","9 December 2016 (2016-12-09)","10","310",2016-12-09,"busted"
"1212","16 December 2016 (2016-12-16)","11","311",2016-12-16,"nicole kidman"
"1213","16 December 2016 (2016-12-16)","11","311",2016-12-16,"dev patel"
"1214","16 December 2016 (2016-12-16)","11","311",2016-12-16,"felicity jones"
"1215","16 December 2016 (2016-12-16)","11","311",2016-12-16,"dawn french"
"1216","16 December 2016 (2016-12-16)","11","311",2016-12-16,"sir michael parkinson"
"1217","16 December 2016 (2016-12-16)","11","311",2016-12-16,"jack savoretti"
"1218","23 December 2016 (2016-12-23)","12","312",2016-12-23,"will smith"
"1219","23 December 2016 (2016-12-23)","12","312",2016-12-23,"dame helen mirren"
"1220","23 December 2016 (2016-12-23)","12","312",2016-12-23,"naomie harris"
"1221","23 December 2016 (2016-12-23)","12","312",2016-12-23,"martin freeman"
"1222","23 December 2016 (2016-12-23)","12","312",2016-12-23,"katie melua"
"1223","23 December 2016 (2016-12-23)","12","312",2016-12-23,"the gori women's choir"
"1224","31 December 2016 (2016-12-31)","Special","313",2016-12-31,"michael fassbender"
"1225","31 December 2016 (2016-12-31)","Special","313",2016-12-31,"marion cotillard"
"1226","31 December 2016 (2016-12-31)","Special","313",2016-12-31,"james mcavoy"
"1227","31 December 2016 (2016-12-31)","Special","313",2016-12-31,"frank skinner"
"1228","31 December 2016 (2016-12-31)","Special","313",2016-12-31,"gary o'donovan"
"1229","31 December 2016 (2016-12-31)","Special","313",2016-12-31,"paul o'donovan"
"1230","31 December 2016 (2016-12-31)","Special","313",2016-12-31,"pete tong"
"1231","31 December 2016 (2016-12-31)","Special","313",2016-12-31,"the heritage orchestra"
"1232","6 January 2017 (2017-01-06)","Special","314",2017-01-06,"graham norton's big red chair"
"1233","13 January 2017 (2017-01-13)","13","315",2017-01-13,"ben affleck"
"1234","13 January 2017 (2017-01-13)","13","315",2017-01-13,"sienna miller"
"1235","13 January 2017 (2017-01-13)","13","315",2017-01-13,"ryan gosling"
"1236","13 January 2017 (2017-01-13)","13","315",2017-01-13,"emma stone"
"1237","13 January 2017 (2017-01-13)","13","315",2017-01-13,"gregory porter"
"1238","20 January 2017 (2017-01-20)","14","316",2017-01-20,"matthew mcconaughey"
"1239","20 January 2017 (2017-01-20)","14","316",2017-01-20,"christina ricci"
"1240","20 January 2017 (2017-01-20)","14","316",2017-01-20,"josh widdicombe"
"1241","20 January 2017 (2017-01-20)","14","316",2017-01-20,"ed sheeran"
"1242","27 January 2017 (2017-01-27)","15","317",2017-01-27,"danny boyle"
"1243","27 January 2017 (2017-01-27)","15","317",2017-01-27,"ewan mcgregor"
"1244","27 January 2017 (2017-01-27)","15","317",2017-01-27,"jonny lee miller"
"1245","27 January 2017 (2017-01-27)","15","317",2017-01-27,"robert carlyle"
"1246","27 January 2017 (2017-01-27)","15","317",2017-01-27,"ewen bremner"
"1247","27 January 2017 (2017-01-27)","15","317",2017-01-27,"izzy bizu"
"1248","3 February 2017 (2017-02-03)","16","318",2017-02-03,"andrew garfield"
"1249","3 February 2017 (2017-02-03)","16","318",2017-02-03,"annette bening"
"1250","3 February 2017 (2017-02-03)","16","318",2017-02-03,"harriet harman"
"1251","3 February 2017 (2017-02-03)","16","318",2017-02-03,"asa butterfield"
"1252","3 February 2017 (2017-02-03)","16","318",2017-02-03,"elbow"
"1253","10 February 2017 (2017-02-10)","17","319",2017-02-10,"whoopi goldberg"
"1254","10 February 2017 (2017-02-10)","17","319",2017-02-10,"keanu reeves"
"1255","10 February 2017 (2017-02-10)","17","319",2017-02-10,"jamie dornan"
"1256","10 February 2017 (2017-02-10)","17","319",2017-02-10,"denzel washington"
"1257","10 February 2017 (2017-02-10)","17","319",2017-02-10,"rag'n'bone man"
"1258","17 February 2017 (2017-02-17)","18","320",2017-02-17,"tom hiddleston"
"1259","17 February 2017 (2017-02-17)","18","320",2017-02-17,"ruth wilson"
"1260","17 February 2017 (2017-02-17)","18","320",2017-02-17,"ricky gervais"
"1261","17 February 2017 (2017-02-17)","18","320",2017-02-17,"daniel radcliffe"
"1262","17 February 2017 (2017-02-17)","18","320",2017-02-17,"joshua mcguire"
"1263","17 February 2017 (2017-02-17)","18","320",2017-02-17,"tinie tempah"
"1264","24 February 2017 (2017-02-24)","19","321",2017-02-24,"hugh jackman"
"1265","24 February 2017 (2017-02-24)","19","321",2017-02-24,"sir patrick stewart"
"1266","24 February 2017 (2017-02-24)","19","321",2017-02-24,"sir ian mckellen"
"1267","24 February 2017 (2017-02-24)","19","321",2017-02-24,"james blunt"
"1268","7 April 2017 (7 April 2017)","1","323",2017-04-07,"sir michael caine"
"1269","7 April 2017 (7 April 2017)","1","323",2017-04-07,"morgan freeman"
"1270","7 April 2017 (7 April 2017)","1","323",2017-04-07,"gemma whelan"
"1271","7 April 2017 (7 April 2017)","1","323",2017-04-07,"jack whitehall"
"1272","7 April 2017 (7 April 2017)","1","323",2017-04-07,"take that"
"1273","14 April 2017 (14 April 2017)","2","324",2017-04-14,"warren beatty"
"1274","14 April 2017 (14 April 2017)","2","324",2017-04-14,"keeley hawes"
"1275","14 April 2017 (14 April 2017)","2","324",2017-04-14,"miranda hart"
"1276","14 April 2017 (14 April 2017)","2","324",2017-04-14,"peter capaldi"
"1277","14 April 2017 (14 April 2017)","2","324",2017-04-14,"jennifer hudson"
"1278","21 April 2017 (21 April 2017)","3","325",2017-04-21,"brendan o'carroll"
"1279","21 April 2017 (21 April 2017)","3","325",2017-04-21,"vicky mcclure"
"1280","21 April 2017 (21 April 2017)","3","325",2017-04-21,"rob brydon"
"1281","21 April 2017 (21 April 2017)","3","325",2017-04-21,"harry styles"
"1282","28 April 2017 (28 April 2017)","4","326",2017-04-28,"goldie hawn"
"1283","28 April 2017 (28 April 2017)","4","326",2017-04-28,"amy schumer"
"1284","28 April 2017 (28 April 2017)","4","326",2017-04-28,"orlando bloom"
"1285","28 April 2017 (28 April 2017)","4","326",2017-04-28,"john boyega"
"1286","28 April 2017 (28 April 2017)","4","326",2017-04-28,"lucie jones"
"1287","5 May 2017 (5 May 2017)","5","327",2017-05-05,"diane keaton"
"1288","5 May 2017 (5 May 2017)","5","327",2017-05-05,"jessica chastain"
"1289","5 May 2017 (5 May 2017)","5","327",2017-05-05,"kevin bacon"
"1290","5 May 2017 (5 May 2017)","5","327",2017-05-05,"michael fassbender"
"1291","5 May 2017 (5 May 2017)","5","327",2017-05-05,"gorillaz feat. jehnny beth & noel gallagher"
"1292","12 May 2017 (12 May 2017)","6","328",2017-05-12,"charlie hunnam"
"1293","12 May 2017 (12 May 2017)","6","328",2017-05-12,"guy ritchie"
"1294","12 May 2017 (12 May 2017)","6","328",2017-05-12,"billie piper"
"1295","12 May 2017 (12 May 2017)","6","328",2017-05-12,"jason manford"
"1296","12 May 2017 (12 May 2017)","6","328",2017-05-12,"imelda may"
"1297","19 May 2017 (19 May 2017)","7","329",2017-05-19,"nicole kidman"
"1298","19 May 2017 (19 May 2017)","7","329",2017-05-19,"alan cumming"
"1299","19 May 2017 (19 May 2017)","7","329",2017-05-19,"keith urban feat. melanie c"
"1300","19 May 2017 (19 May 2017)","7","329",2017-05-19,"sheryl crow"
"1301","26 May 2017 (26 May 2017)","8","330",2017-05-26,"salma hayek"
"1302","26 May 2017 (26 May 2017)","8","330",2017-05-26,"david walliams"
"1303","26 May 2017 (26 May 2017)","8","330",2017-05-26,"ed westwick"
"1304","26 May 2017 (26 May 2017)","8","330",2017-05-26,"james buckley"
"1305","26 May 2017 (26 May 2017)","8","330",2017-05-26,"liam payne"
"1306","2 June 2017 (2 June 2017)","9","331",2017-06-02,"tom cruise"
"1307","2 June 2017 (2 June 2017)","9","331",2017-06-02,"annabelle wallis"
"1308","2 June 2017 (2 June 2017)","9","331",2017-06-02,"zac efron"
"1309","2 June 2017 (2 June 2017)","9","331",2017-06-02,"beth ditto"
"1310","9 June 2017 (9 June 2017)","10","332",2017-06-09,"rachel weisz"
"1311","9 June 2017 (9 June 2017)","10","332",2017-06-09,"anthony joshua"
"1312","9 June 2017 (9 June 2017)","10","332",2017-06-09,"greg davies"
"1313","9 June 2017 (9 June 2017)","10","332",2017-06-09,"martin freeman"
"1314","9 June 2017 (9 June 2017)","10","332",2017-06-09,"shawn mendes"
"1315","16 June 2017 (16 June 2017)","11","333",2017-06-16,"mark wahlberg"
"1316","16 June 2017 (16 June 2017)","11","333",2017-06-16,"sienna miller"
"1317","16 June 2017 (16 June 2017)","11","333",2017-06-16,"tom holland"
"1318","16 June 2017 (16 June 2017)","11","333",2017-06-16,"woody harrelson"
"1319","16 June 2017 (16 June 2017)","11","333",2017-06-16,"andy serkis"
"1320","16 June 2017 (16 June 2017)","11","333",2017-06-16,"alison moyet"
"1321","23 June 2017 (23 June 2017)","12","334",2017-06-23,"dame judi dench"
"1322","23 June 2017 (23 June 2017)","12","334",2017-06-23,"jamie foxx"
"1323","23 June 2017 (23 June 2017)","12","334",2017-06-23,"kristen wiig"
"1324","23 June 2017 (23 June 2017)","12","334",2017-06-23,"steve carell"
"1325","23 June 2017 (23 June 2017)","12","334",2017-06-23,"haim"
"1326","29 September 2017 (29 September 2017)","1","336",2017-09-29,"harrison ford"
"1327","29 September 2017 (29 September 2017)","1","336",2017-09-29,"ryan gosling"
"1328","29 September 2017 (29 September 2017)","1","336",2017-09-29,"reese witherspoon"
"1329","29 September 2017 (29 September 2017)","1","336",2017-09-29,"margot robbie"
"1330","29 September 2017 (29 September 2017)","1","336",2017-09-29,"bananarama"
"1331","6 October 2017 (6 October 2017)","2","337",2017-10-06,"kate winslet"
"1332","6 October 2017 (6 October 2017)","2","337",2017-10-06,"idris elba"
"1333","6 October 2017 (6 October 2017)","2","337",2017-10-06,"chris rock"
"1334","6 October 2017 (6 October 2017)","2","337",2017-10-06,"liam gallagher"
"1335","13 October 2017 (13 October 2017)","3","338",2017-10-13,"nicole kidman"
"1336","13 October 2017 (13 October 2017)","3","338",2017-10-13,"colin farrell"
"1337","13 October 2017 (13 October 2017)","3","338",2017-10-13,"bryan cranston"
"1338","13 October 2017 (13 October 2017)","3","338",2017-10-13,"matt lucas"
"1339","13 October 2017 (13 October 2017)","3","338",2017-10-13,"jane fonda"
"1340","13 October 2017 (13 October 2017)","3","338",2017-10-13,"niall horan"
"1341","20 October 2017 (20 October 2017)","4","339",2017-10-20,"hillary clinton"
"1342","20 October 2017 (20 October 2017)","4","339",2017-10-20,"jeff goldblum"
"1343","20 October 2017 (20 October 2017)","4","339",2017-10-20,"gerard butler"
"1344","20 October 2017 (20 October 2017)","4","339",2017-10-20,"jack whitehall"
"1345","20 October 2017 (20 October 2017)","4","339",2017-10-20,"gregory porter[2]"
"1346","27 October 2017 (27 October 2017)","5","340",2017-10-27,"emma thompson"
"1347","27 October 2017 (27 October 2017)","5","340",2017-10-27,"adam sandler"
"1348","27 October 2017 (27 October 2017)","5","340",2017-10-27,"claire foy"
"1349","27 October 2017 (27 October 2017)","5","340",2017-10-27,"cara delevingne"
"1350","27 October 2017 (27 October 2017)","5","340",2017-10-27,"morrissey[3]"
